v_id,lon,lat,typ,voltage,degree_centrality,pagerank,betweenness,combined_centrality,criticality_label
1,9.52257596986262,52.3604090557601,substation,220000;110000,0.0020920502092050207,0.0011276260770807197,0.0,0.00027732285204639653,Low
2,9.11321007472722,52.5438533223737,substation,220000,0.010460251046025104,0.002766124875902993,0.00019736322728349255,0.0013581142902660479,Severe
3,9.38974509624863,52.0263130660355,substation,380000;110000,0.010460251046025104,0.0020857548184989743,0.00017104813031236022,0.0012902493068213186,Severe
4,9.12526485228443,52.5382642243437,substation,380000;220000,0.010460251046025104,0.002401557121418172,0.0003947264545669851,0.001498611572242242,Severe
5,10.3662749375017,52.2846467462009,substation,380000;220000,0.016736401673640166,0.0020857548184989743,0.00010964623737971808,0.001842862674967546,Severe
6,9.91814864613865,52.3799963125719,substation,220000;110000,0.010460251046025104,0.002628589268139542,0.00012061086111768989,0.0012846512839518821,Severe
7,9.91720008106816,52.2781708137689,substation,380000;110000,0.0041841004184100415,0.0011276260770807197,0.0,0.00047864552906801947,Moderate
8,10.4149923381504,53.4126068830249,substation,380000;110000,0.008368200836820083,0.0011276260770807197,0.0,0.0008812908831112654,Severe
9,10.3787705903765,53.2197927685849,substation,380000;110000,0.0041841004184100415,0.0013671582624352834,4.385849495188723e-06,0.0004984578014159761,Moderate
10,12.9416466019288,52.5621144045848,substation,380000;220000;110000,0.014644351464435145,0.0012372914149538935,2.1929247475943617e-05,0.001510991131740197,Severe
11,13.2061057426421,52.6571349555645,substation,220000,0.0041841004184100415,0.0012686710747974645,0.0,0.0004881517339445444,Moderate
12,13.7096697058228,52.5397952580643,substation,380000;220000;110000,0.008368200836820083,0.003302712365986383,0.0,0.0010278881834138393,Severe
13,11.3704262486892,48.2914922329548,substation,380000;220000;110000,0.010460251046025104,0.0011276260770807197,0.0,0.0010826135601328885,Severe
14,11.8132328973194,48.2212664654998,substation,220000;110000,0.008368200836820083,0.0012610364081642742,1.3157548485566169e-05,0.0009012870944219698,Severe
15,11.8681562938884,48.2068029185353,substation,380000;220000,0.010460251046025104,0.002673399965049134,1.7543397980754893e-05,0.0012014689825973705,Severe
16,10.7610403785613,52.3677293804096,substation,380000,0.0041841004184100415,0.0011276260770807197,0.0,0.00047864552906801947,Moderate
17,13.4947633747219,52.5897644435618,substation,380000;110000,0.0041841004184100415,0.0011276260770807197,0.0,0.00047864552906801947,Moderate
18,13.6834769666546,54.1390906406635,substation,380000;220000,0.008368200836820083,0.0025648191892081017,4.824434444707596e-05,0.0010185054682413774,Severe
19,11.2939727001158,48.0520427719624,substation,220000;110000,0.0041841004184100415,0.0012610364081642742,4.385849495188723e-06,0.0004913053599617752,Moderate
20,9.98460981999728,53.741128776279,substation,380000;220000;110000,0.006276150627615062,0.0011276260770807197,0.0,0.0006799682060896424,High
21,10.1575015165126,53.5551316685834,substation,380000;110000,0.006276150627615062,0.002217741941041285,0.0,0.0007534402533774904,High
22,9.20210420095253,53.8951574100045,substation,380000;220000;110000,0.006276150627615062,0.0019266691727585082,1.7543397980754893e-05,0.0007484951800870599,High
23,9.98853660865951,53.766277668594,substation,220000;110000,0.010460251046025104,0.0018217805734143532,5.2630193942264676e-05,0.0011734167337326725,Severe
24,9.72699196993402,54.2914209867842,substation,220000;110000,0.008368200836820083,0.0031930663919418063,6.578774242783085e-05,0.0010755210751100144,Severe
25,9.34476098807139,53.9218370583068,substation,380000,0.008368200836820083,0.0015092164788209788,4.3858494951887234e-05,0.0009436913615126488,Severe
26,9.34400177215961,53.8517774635399,substation,380000;220000,0.0041841004184100415,0.0015551498648616337,1.3157548485566169e-05,0.0005184645119875613,Moderate
27,9.77654483874895,53.6906352606291,substation,380000;110000,0.0041841004184100415,0.0011276260770807197,0.0,0.00047864552906801947,Moderate
28,9.5296074037302,53.618990026717,substation,220000;110000,0.008368200836820083,0.001827611206692102,2.6315096971132338e-05,0.0009504778907191308,Severe
29,10.3821666628198,52.9932540372914,substation,380000,0.0041841004184100415,0.0027004126316773186,0.0,0.0005846488007690476,High
30,9.5017896678173,53.5428143723363,substation,380000;220000;110000,0.010460251046025104,0.001606690447789847,5.70160434374534e-05,0.0011625881971220199,Severe
31,9.74615081640288,50.9168399490798,substation,380000;110000,0.008368200836820083,0.0011276260770807197,0.0,0.0008812908831112654,Severe
32,11.1228545605428,50.9989090670144,substation,380000;220000;110000,0.012552301255230124,0.003098564473846468,7.675236616580266e-05,0.0014809676281373016,Severe
33,10.3859411643633,51.0018133014781,substation,380000;110000,0.0041841004184100415,0.003035376662117891,0.0,0.0006072248350218142,High
34,8.12264230304551,53.5605160490331,substation,380000;220000,0.008368200836820083,0.0011276260770807197,0.0,0.0008812908831112654,Severe
35,8.08541549011617,53.6058005156079,substation,220000;110000,0.0041841004184100415,0.0013671582624352834,4.385849495188723e-06,0.0004984578014159761,Moderate
36,8.06005695814032,53.6202025750861,substation,220000;155000,0.0020920502092050207,0.002289536429851363,0.0,0.00035563373183934764,Moderate
37,11.6389127631156,52.2687346818467,substation,380000;220000,0.02092050209205021,0.0011276260770807197,0.0,0.002089226945241003,Severe
38,13.2115276454389,52.5806278102291,substation,380000;110000,0.0041841004184100415,0.0014809145928282707,0.0,0.0005024566040127986,Moderate
39,13.1433929102518,53.9081469774219,substation,380000;110000,0.0041841004184100415,0.0011276260770807197,0.0,0.00047864552906801947,Moderate
40,11.7273534150745,52.5689469938591,substation,380000;110000,0.006276150627615062,0.0017163557856630205,4.385849495188723e-06,0.000723315827098772,High
41,11.8531057080136,53.0865444750041,substation,380000;110000,0.0041841004184100415,0.0036114341438615565,0.0,0.0006460501782155358,High
42,12.1869848227216,53.8157751724384,substation,380000;220000,0.018828451882845185,0.005012909668861755,0.00014473303334122786,0.0022708163794410425,Severe
43,12.4993659669539,52.4052284251973,substation,220000;110000,0.0020920502092050207,0.0012686710747974645,0.0,0.0002868290569229214,Low
44,13.5061534469385,52.473822309174,substation,220000;110000,0.006276150627615062,0.0011276260770807197,0.0,0.0006799682060896424,High
45,13.3057511424396,52.230781822258,substation,380000;220000;110000,0.008368200836820083,0.001588047321936883,2.6315096971132338e-05,0.0009343316720912797,Severe
46,13.5241987309997,52.5356342713481,substation,380000;220000;110000,0.008368200836820083,0.001447002324220138,1.3157548485566169e-05,0.0009138208965893316,Severe
47,13.4564306927748,52.5214517451981,substation,380000;110000,0.006276150627615062,0.0020835662350253714,1.3157548485566169e-05,0.0007554015982842589,High
48,13.5370442127043,52.5374565238016,substation,110000,0.0020920502092050207,0.002898839123139207,0.0,0.00039669974855725224,Moderate
49,9.25938381995371,51.0603668480876,substation,380000;110000,0.008368200836820083,0.002368183783057118,8.771698990377447e-05,0.0010382662715628615,Severe
50,8.3133401659254,49.0090434643525,substation,380000;220000;110000,0.025104602510460247,0.006277126810354109,0.0004407778742664667,0.0032075934415733134,Severe
51,7.75349546540486,48.0993557006259,substation,380000;220000;110000,0.0041841004184100415,0.003205880148303556,0.0,0.0006187164944076915,High
52,8.43846751211921,49.2524597288652,plant,,0.0041841004184100415,0.0022545024089466056,0.0,0.0005545951724771187,High
53,8.51211132935593,49.293965649573,substation,220000;110000,0.0020920502092050207,0.0017800281639504434,0.0,0.0003212936982306119,Moderate
54,8.62320967451897,49.3565822492832,substation,380000;220000,0.012552301255230124,0.005219558698934818,8.333114040858574e-05,0.0016294214960797483,Severe
55,8.44554248929306,48.9860881753906,substation,220000;110000,0.006276150627615062,0.0011276260770807197,0.0,0.0006799682060896424,High
56,8.64158406338239,48.8900524832355,substation,220000;110000,0.0041841004184100415,0.001447002324220138,0.0,0.0005001709719206625,Moderate
57,8.56374399744213,53.0317215835514,substation,380000;110000,0.0041841004184100415,0.0011276260770807197,0.0,0.00047864552906801947,Moderate
58,8.47470704898602,53.4286511943138,substation,380000;220000;110000,0.006276150627615062,0.001978209755686721,1.3157548485566169e-05,0.0007483007418634312,High
59,8.51888180951659,53.2026352836834,substation,220000;110000,0.008368200836820083,0.0015092164788209788,1.7543397980754893e-05,0.0009216822202618026,Severe
60,8.12076909802284,48.7048354259965,substation,220000;110000,0.0041841004184100415,0.0011276260770807197,0.0,0.00047864552906801947,Moderate
61,11.4407746483177,48.1718035473026,substation,380000;110000,0.0020920502092050207,0.0013580621034977682,0.0,0.0002928538677755187,Low
62,13.3264049984725,50.3463721850552,substation,,0.0041841004184100415,0.0012322493304539775,8.771698990377447e-06,0.0004930333476608341,Moderate
63,12.1147644054101,49.6311550521523,substation,380000;220000;110000,0.008368200836820083,0.0035772914315897147,1.3157548485566169e-05,0.0010573989392615986,Severe
64,8.69516075602312,53.0925360847799,substation,380000;110000,0.0041841004184100415,0.0021040140376574414,0.0,0.0005444524994850406,High
65,8.77244296019056,49.974668665137,substation,380000;220000;110000,0.012552301255230124,0.0011276260770807197,0.0,0.0012839362371545114,Severe
66,8.41937105938048,49.6337356823792,substation,380000;220000,0.018828451882845185,0.003229673063975457,0.00029823776567283316,0.0022790157717953513,Severe
67,8.38855636787547,49.9823050841271,substation,380000;110000,0.006276150627615062,0.0013133857310291567,8.771698990377447e-06,0.0006998244869412917,High
68,8.58869049603326,49.8155140579794,substation,220000;110000,0.008368200836820083,0.0012351711398929726,1.3157548485566169e-05,0.000899543817146252,Severe
69,8.4123567044736,49.7102660993482,substation,380000;220000,0.0020920502092050207,0.001477500252449747,0.0,0.0003009038059682265,Low
70,12.2621734868101,51.7410202755519,substation,380000;110000,0.0041841004184100415,0.0011276260770807197,0.0,0.00047864552906801947,Moderate
71,11.8942661378135,51.4057031412478,substation,380000;110000,0.010460251046025104,0.0021954201563721483,4.824434444707596e-05,0.0011949312475057264,Severe
72,13.1570904871893,51.8284516615019,substation,380000,0.0041841004184100415,0.0011276260770807197,0.0,0.00047864552906801947,Moderate
73,13.9024346886892,51.8747235190459,substation,380000;110000,0.014644351464435145,0.003433324555576337,7.894529091339702e-05,0.0017066866887024672,Severe
74,11.5165549672107,51.5843592098734,substation,380000;110000,0.0041841004184100415,0.0021705678109665374,0.0,0.0005489381162358923,High
75,8.70221844882815,51.7363525828065,substation,380000;110000,0.0041841004184100415,0.0014440668980360565,5.70160434374534e-05,0.0005476596016505218,High
76,8.99279300916204,51.3430112330698,substation,380000;110000,0.006276150627615062,0.002354804797655867,7.894529091339702e-05,0.0008287054921325624,High
77,11.6463786274424,50.534876971042,substation,380000;220000;110000,0.014644351464435145,0.0015609105398504304,9.210283939896319e-05,0.0015914935810315402,Severe
78,14.4719654742998,51.5538127185923,substation,380000;110000,0.0041841004184100415,0.001447002324220138,4.385849495188723e-06,0.0005038391621291369,Moderate
79,14.5081091811329,51.4137103812427,substation,380000,0.006276150627615062,0.007196817902102976,6.140189293264212e-05,0.001140376588442264,Severe
80,14.4281804852225,51.8888641394403,substation,380000;110000,0.006276150627615062,0.0011276260770807197,0.0,0.0006799682060896424,High
81,8.14191382633093,53.5640011680095,plant,,0.0020920502092050207,0.0013671582624352834,0.0,0.0002934669341858788,Low
82,10.1562824575947,54.2755482549913,substation,220000;110000,0.006276150627615062,0.0011276260770807197,0.0,0.0006799682060896424,High
83,10.1773541034729,54.3395212638642,generator,,0.0020920502092050207,0.001447002324220138,0.0,0.0002988482948990396,Low
84,7.03496796515083,52.2028607381056,substation,380000;220000;110000,0.006276150627615062,0.0022626597204833602,4.3858494951887234e-05,0.0007931495411964838,High
85,7.30819839672552,52.4768390020881,substation,380000;220000;110000,0.02092050209205021,0.006709154345992449,0.0004736717454803821,0.002861577471713973,Severe
86,7.06030699176008,51.6964760130648,substation,380000;220000;110000,0.02092050209205021,0.004776481222126378,0.000855240651561801,0.0030504509750624263,Severe
87,7.54571772261949,51.9703244223875,substation,380000;110000,0.0041841004184100415,0.0011276260770807197,0.0,0.00047864552906801947,Moderate
88,7.30561448538174,52.4801491895706,plant,,0.0020920502092050207,0.0011276260770807197,0.0,0.00027732285204639653,Low
89,7.27715391322869,52.7532425946802,substation,380000;110000,0.0041841004184100415,0.0029326697956591256,0.00010087453838934063,0.0006846709330214594,High
90,8.30775689679575,52.3456356447783,substation,380000;220000;110000,0.010460251046025104,0.002766124875902993,0.00027192266870170085,0.0014204735238101125,Severe
91,7.88957671235007,52.2773967624078,substation,380000;220000;110000,0.012552301255230124,0.005269019387644563,0.00015350473233160532,0.0016914461098915712,Severe
92,7.31784994377907,52.4691114902799,substation,220000,0.0020920502092050207,0.002172651387836639,0.0,0.00034775586892765026,Moderate
93,13.3352803846608,49.5896898612644,substation,,0.0020920502092050207,0.0011276260770807197,0.0,0.00027732285204639653,Low
94,12.2147735096776,54.1003234403618,substation,380000,0.0041841004184100415,0.0031105733159593,0.0,0.0006122929679511445,High
95,6.99647659179489,49.3754093063084,substation,380000;220000;110000,0.012552301255230124,0.001606690447789847,8.552406515618011e-05,0.0013877541104987264,Severe
96,6.47486313798517,49.9223291565718,substation,380000;220000;110000,0.012552301255230124,0.005526032290660567,2.412217222353798e-05,0.0016005567529975356,Severe
97,11.6993926965362,53.5722744892702,substation,380000,0.0041841004184100415,0.002391976759895609,0.0,0.0005638607215326976,High
98,11.3706373688866,53.6009910848999,substation,380000;110000,0.0041841004184100415,0.0013671582624352834,2.1929247475943617e-05,0.0005131305622498737,Moderate
99,6.94821756461883,51.4446013184712,substation,380000;110000,0.0041841004184100415,0.0018351131740477326,0.00010087453838934063,0.0006106973906943661,High
100,6.92675896360373,51.4992056838496,substation,380000;220000,0.014644351464435145,0.002277380566782625,5.043726919467032e-05,0.0016049346958431048,Severe
101,6.68078798893986,51.6462959356851,substation,380000;220000;110000,0.014644351464435145,0.0025648191892081017,0.00024341464698297415,0.0017857079635833569,Severe
102,7.16721460965932,51.3899067582106,substation,380000;220000;110000,0.010460251046025104,0.001606690447789847,3.5086795961509786e-05,0.0011442472460796481,Severe
103,7.1255729106725,51.4489772588145,substation,380000;220000,0.014644351464435145,0.004209649435202855,4.3858494951887234e-05,0.001729664209155556,Severe
104,6.99606888010598,51.5141695891404,substation,380000;110000,0.0020920502092050207,0.0011276260770807197,0.0,0.00027732285204639653,Low
105,7.31318284290137,51.4466113896128,substation,380000,0.006276150627615062,0.0011276260770807197,0.0,0.0006799682060896424,High
106,7.99288723332679,51.6837077155955,substation,380000,0.012552301255230124,0.0019048392667783127,6.140189293264212e-05,0.0013876738128570606,Severe
107,8.62480052815036,51.4278883849265,substation,380000;110000,0.006276150627615062,0.0024525075039640914,8.771698990377447e-06,0.000776599453286264,High
108,7.35311186939787,51.5758105020818,substation,380000,0.012552301255230124,0.0022626597204833602,0.0004736717454803821,0.0017566002126918425,Severe
109,7.12323882950453,51.5256121803004,substation,380000;110000,0.0041841004184100415,0.0011276260770807197,0.0,0.00047864552906801947,Moderate
110,8.21170597594605,51.1779854801194,substation,380000;110000,0.0041841004184100415,0.003535773075751971,0.0,0.0006409507445151583,High
111,6.57648208812114,51.0555954583116,generator,,0.006276150627615062,0.0011276260770807197,0.0,0.0006799682060896424,High
112,6.77252309438106,51.1471054906194,substation,220000;110000,0.006276150627615062,0.0028703670587649564,1.7543397980754893e-05,0.0008120988923146769,High
113,6.97265814209706,50.7956761130901,substation,380000;220000;110000,0.02092050209205021,0.001606690447789847,0.00010087453838934063,0.0022058834843148786,Severe
114,7.13689469738717,50.6428608767133,substation,380000;110000,0.0041841004184100415,0.0013143033959176808,0.0,0.0004912272786329942,Moderate
115,6.45655246642153,50.8713380368705,substation,380000;110000,0.012552301255230124,0.002751496508045063,4.605141969948159e-05,0.0014318984767453609,Severe
116,7.86394571365263,50.7682419129404,substation,380000;220000;110000,0.010460251046025104,0.00486798111726221,0.0,0.0013347074443436188,Severe
117,6.3216505165612,50.8384088140443,plant,,0.0041841004184100415,0.0011276260770807197,0.0,0.00047864552906801947,Moderate
118,6.1674083913527,50.8020948257555,substation,380000;110000,0.0020920502092050207,0.001606690447789847,0.0,0.0003096110163253611,Low
119,6.70220337779745,51.0088609096753,substation,380000;220000,0.025104602510460247,0.0033850412776144003,0.00033551748638193735,0.002924634986111466,Severe
120,6.61240231530956,51.0359242594819,substation,380000;220000;110000,0.006276150627615062,0.0018348478126310346,2.1929247475943617e-05,0.0007459747590328655,High
121,6.96568442352005,51.0693295322353,substation,380000;220000;110000,0.023012552301255228,0.001606690447789847,0.00010526038788452935,0.002410874351544976,Severe
122,7.23319684331545,51.2325069075148,substation,380000;110000,0.0041841004184100415,0.001321268967516075,4.385849495188723e-06,0.0004953649371088184,Moderate
123,6.30090123786765,50.8289532122665,substation,380000;110000,0.0020920502092050207,0.0011276260770807197,0.0,0.00027732285204639653,Low
124,7.44948529010545,50.4025276621126,substation,380000;220000;110000,0.012552301255230124,0.002431152268924894,0.00014473303334122786,0.0014928420724884444,Severe
125,6.62582790177014,51.2606098249047,substation,220000;110000,0.014644351464435145,0.001606690447789847,7.675236616580266e-05,0.0015817404071034008,Severe
126,7.12308195236379,51.1715887782054,substation,380000;110000,0.0041841004184100415,0.001321268967516075,4.385849495188723e-06,0.0004953649371088184,Moderate
127,6.80109333956604,51.1225390518584,substation,380000;220000,0.006276150627615062,0.0016072324852771961,9.210283939896319e-05,0.0007893248971971268,High
128,7.00877914033175,51.1742549180397,substation,380000;110000,0.0041841004184100415,0.0018106127068696575,3.947264545669851e-05,0.0005576914358877762,High
129,6.8426506615144,50.8635385008881,substation,380000;110000,0.0041841004184100415,0.0011276260770807197,0.0,0.00047864552906801947,Moderate
130,6.80461158012622,50.9662452961379,substation,220000;110000,0.008368200836820083,0.0021938311609835306,5.2630193942264676e-05,0.000997169664971662,Severe
131,7.7186272145384,51.5342075115271,substation,380000;110000,0.0041841004184100415,0.0011276260770807197,0.0,0.00047864552906801947,Moderate
132,7.93077008561427,51.6729710197069,substation,380000,0.0041841004184100415,0.001606690447789847,4.385849495188723e-06,0.0005146018835554585,Moderate
133,6.22183144595687,51.6946456422206,substation,220000;110000,0.0020920502092050207,0.0011276260770807197,0.0,0.00027732285204639653,Low
134,7.00674987859998,51.5999114220203,generator,,0.0041841004184100415,0.0011276260770807197,0.0,0.00047864552906801947,Moderate
135,6.66790549453027,50.9935747483722,generator,,0.006276150627615062,0.002651914421771531,0.0,0.00078270277683018,High
136,7.2640834625924,51.5735734103802,substation,220000;110000,0.012552301255230124,0.0011276260770807197,0.0,0.0012839362371545114,Severe
137,7.2789471130269,51.4722816773138,substation,220000;110000,0.006276150627615062,0.0016537193617566079,1.3157548485566169e-05,0.0007264306137830383,High
138,7.18667755311932,51.550589070577,generator,,0.0041841004184100415,0.0011276260770807197,0.0,0.00047864552906801947,Moderate
139,7.35135784054859,51.568368608134,generator,,0.0020920502092050207,0.0012873142006504287,0.0,0.00028808557347271803,Low
140,7.17937912538938,51.4722019484347,substation,220000;110000,0.010460251046025104,0.001606690447789847,1.3157548485566169e-05,0.0011259062950372762,Severe
141,6.93488869659333,51.0335223350589,substation,220000;110000,0.0041841004184100415,0.0011276260770807197,0.0,0.00047864552906801947,Moderate
142,6.82813596908193,51.1626762413706,substation,220000;110000,0.0020920502092050207,0.001606690447789847,0.0,0.0003096110163253611,Low
143,7.50597329671546,51.401592550355,substation,220000;110000,0.008368200836820083,0.0012397351189117147,3.5086795961509786e-05,0.0009181923729977747,Severe
144,7.03761988504233,51.5985496311832,substation,220000;110000,0.006276150627615062,0.0011276260770807197,0.0,0.0006799682060896424,High
145,6.84699931064759,51.2055917698058,substation,220000;110000,0.0020920502092050207,0.0012397351189117147,0.0,0.00028487882026511074,Low
146,7.19316578267403,50.798335064694,substation,220000;110000,0.008368200836820083,0.0012357024195652762,1.7543397980754893e-05,0.0009032478147459379,Severe
147,7.0473845241055,50.9055286094924,substation,220000;110000,0.006276150627615062,0.0025310806227948047,1.3157548485566169e-05,0.0007855633447070021,High
148,6.70967369516713,51.0909407427733,substation,220000;110000,0.006276150627615062,0.0016746176515739764,1.7543397980754893e-05,0.0007315073149475119,High
149,7.01293742640329,50.6176584938251,substation,220000;110000,0.0020920502092050207,0.0012357024195652762,0.0,0.00028460702284717135,Low
150,6.33006858948983,51.2429161503794,substation,380000;220000;110000,0.0041841004184100415,0.0013552414044345584,4.385849495188723e-06,0.0004976546244478227,Moderate
151,7.0235444991641,50.999068409611,substation,220000,0.0041841004184100415,0.0012397351189117147,1.7543397980754893e-05,0.0005008742581206312,Moderate
152,7.72438401522458,51.4093341305984,substation,220000;110000,0.0020920502092050207,0.0012397351189117147,0.0,0.00028487882026511074,Low
153,6.84223115147656,50.8598647243573,substation,380000;220000,0.0020920502092050207,0.0012357024195652762,0.0,0.00028460702284717135,Low
154,8.364229530696,51.9271204904611,substation,380000;220000;110000,0.006276150627615062,0.0014440668980360565,5.70160434374534e-05,0.0007489822786721446,High
155,6.48812326381716,50.8810703125704,substation,380000,0.0020920502092050207,0.0019074722574545675,0.0,0.0003298832241462082,Moderate
156,8.05408735442182,53.3323026933898,substation,380000;220000;110000,0.006276150627615062,0.0011276260770807197,0.0,0.0006799682060896424,High
157,8.47791063608626,53.428485468955,substation,380000;220000,0.0041841004184100415,0.002809387479219701,8.771698990377447e-06,0.0005993299097754242,High
158,8.05283751634017,53.3338809598955,substation,220000;110000,0.012552301255230124,0.005695012424911771,0.0,0.001591770694778599,Severe
159,6.85153113794826,50.9841704680083,substation,220000;110000,0.0020920502092050207,0.0011276260770807197,0.0,0.00027732285204639653,Low
160,6.59601979462215,50.9525274624278,substation,380000;110000,0.0041841004184100415,0.002387078665651044,0.0,0.0005635305978973535,High
161,7.33861258614081,51.6319781250427,substation,380000;110000,0.0020920502092050207,0.0015121018385521883,0.0,0.0003032358969453422,Low
162,7.70831848872651,51.6762033088437,substation,380000;220000;110000,0.02092050209205021,0.0032686711978189885,0.00038376183082901327,0.0025544965690709946,Severe
163,7.61702099509812,51.6371337640588,generator,,0.0020920502092050207,0.0011276260770807197,0.0,0.00027732285204639653,Low
164,7.52228010104186,51.5321980552231,substation,220000;110000,0.0041841004184100415,0.0011276260770807197,0.0,0.00047864552906801947,Moderate
165,6.90660779028721,51.5652424465435,substation,380000;110000,0.0041841004184100415,0.0011276260770807197,0.0,0.00047864552906801947,Moderate
166,6.96734393053748,51.4908618864265,substation,220000,0.0020920502092050207,0.001537223870061622,0.0,0.0003049290812645961,Low
167,6.87287359352087,51.4457833372124,substation,220000;110000,0.0020920502092050207,0.001537223870061622,0.0,0.0003049290812645961,Low
168,6.86805530562473,51.3745129334128,substation,220000;110000,0.0020920502092050207,0.0011276260770807197,0.0,0.00027732285204639653,Low
169,6.72376714521247,51.3556543809247,substation,220000;110000,0.012552301255230124,0.003739679120127533,3.289387121391543e-05,0.001487495816984872,Severe
170,10.7346694291427,51.4401867461807,substation,220000,0.006276150627615062,0.0032807703382523724,0.0,0.0008250866491876184,High
171,6.78752251671348,51.505550100013,substation,220000;110000,0.006276150627615062,0.002523728111678308,0.0,0.0007740632267161155,High
172,6.62284323546559,51.258713368098,substation,380000,0.0041841004184100415,0.0016072324852771961,4.3858494951887234e-05,0.0005476521278822857,High
173,6.81216588075166,51.5196200118095,substation,220000;110000,0.0020920502092050207,0.0014312843366358899,0.0,0.00029778892794068344,Low
174,6.72031000055597,51.3915325380171,substation,220000,0.0041841004184100415,0.002945320479656634,0.0,0.0006011551938808098,High
175,6.54240844257145,51.2994458149911,substation,220000;110000,0.0041841004184100415,0.0013552414044345584,4.385849495188723e-06,0.0004976546244478227,Moderate
176,6.6746753206169,51.3249574728255,substation,220000;110000,0.0041841004184100415,0.0011276260770807197,0.0,0.00047864552906801947,Moderate
177,13.0786421047586,54.2848461697305,substation,220000;110000,0.0041841004184100415,0.0011276260770807197,0.0,0.00047864552906801947,Moderate
178,14.2708204796384,53.0962677950153,substation,220000;110000,0.0041841004184100415,0.0020857548184989743,4.385849495188723e-06,0.000546890047834423,High
179,14.0336963684666,53.5078685980791,substation,220000;110000,0.0041841004184100415,0.0038590100053267832,0.0,0.0006627363911239655,High
180,14.4762521006827,53.1967495480613,substation,400000;220000,0.0020920502092050207,0.0011276260770807197,0.0,0.00027732285204639653,Low
181,13.9570055475871,53.252171625753,substation,380000;220000,0.0020920502092050207,0.0011276260770807197,0.0,0.00027732285204639653,Low
182,9.90884752815356,53.4880466403676,substation,380000;110000,0.0041841004184100415,0.0011276260770807197,0.0,0.00047864552906801947,Moderate
183,6.61738109142906,51.4757909635544,substation,380000;220000;110000,0.012552301255230124,0.0011276260770807197,0.0,0.0012839362371545114,Severe
184,6.65673519501182,51.379523634379,substation,220000;110000,0.0041841004184100415,0.0012447307010318397,0.0,0.0004865381914473219,Moderate
185,6.7111452744645,51.5261875490663,substation,380000,0.0041841004184100415,0.0018543983304097665,0.0,0.0005276288042678557,Moderate
186,6.68934277038931,51.5764228881728,substation,380000,0.006276150627615062,0.0018543983304097665,1.7543397980754893e-05,0.0007436242421233762,High
187,6.72365237186396,51.375845810902,generator,,0.0020920502092050207,0.002717705152302795,0.0,0.000384491611687858,Moderate
188,8.61664767275337,48.0659537906797,substation,380000;110000,0.0041841004184100415,0.0011276260770807197,0.0,0.00047864552906801947,Moderate
189,8.87294280487974,48.3100912582216,substation,380000,0.006276150627615062,0.0020857548184989743,8.771698990377447e-06,0.0007518809150645204,High
190,6.71525259691926,51.5267908666491,substation,220000;110000,0.006276150627615062,0.001606690447789847,4.385849495188723e-06,0.0007159245605770813,High
191,12.1857651811846,53.8108597989599,substation,220000;110000,0.0020920502092050207,0.0017209420492945928,0.0,0.00031731138960308886,Moderate
192,6.68306568260248,51.577104777735,generator,,0.0020920502092050207,0.002703552130706101,0.0,0.00038353772090762454,Moderate
193,6.68310697663871,51.5756455059265,substation,220000,0.0041841004184100415,0.002289536429851363,0.0,0.0005569564088609706,High
194,6.61427855504049,51.6186788033284,substation,220000;110000,0.0041841004184100415,0.0011276260770807197,0.0,0.00047864552906801947,Moderate
195,7.44506930371379,51.6185000869374,substation,220000;110000,0.006276150627615062,0.0011276260770807197,0.0,0.0006799682060896424,High
196,6.73212495035583,51.4594437365975,substation,220000;110000,0.0020920502092050207,0.0011276260770807197,0.0,0.00027732285204639653,Low
197,6.72256980950278,51.4797876727124,substation,380000;220000;110000,0.0020920502092050207,0.0020857548184989743,0.0,0.0003418991806043257,Moderate
198,7.32089257541703,52.4714572265383,plant,,0.0020920502092050207,0.0011276260770807197,0.0,0.00027732285204639653,Low
199,6.75917485282445,52.2488578798871,substation,380000,0.0020920502092050207,0.0020888154807593906,0.0,0.00034210546429376076,Moderate
200,7.70632726933662,51.278583155205,substation,220000;110000,0.0020920502092050207,0.001478775442994623,0.0,0.00030098975174987376,Low
201,7.45034204531003,51.413608212821,plant,,0.0020920502092050207,0.001478775442994623,0.0,0.00030098975174987376,Low
202,6.63448162267058,51.0359799381303,plant,,0.0020920502092050207,0.0016072324852771961,0.0,0.00030964754877591883,Low
203,7.60711327565379,51.8985850465974,substation,220000,0.006276150627615062,0.0014671619040217024,8.771698990377447e-05,0.0007762161762066765,High
204,7.4035444340631,51.644449487967,substation,380000,0.006276150627615062,0.003328410368914113,0.0,0.0008282975102541267,High
205,8.93969252741257,52.4030332405173,substation,380000,0.006276150627615062,0.001606690447789847,8.771698990377447e-05,0.0007856201745380947,High
206,9.40952217715674,52.0343151968532,plant,,0.0041841004184100415,0.0011276260770807197,0.0,0.00047864552906801947,Moderate
207,7.23579344536789,49.3693923629482,substation,380000,0.0041841004184100415,0.0014258806439581633,7.017359192301957e-05,0.0005574384481453509,High
208,6.81368431456473,49.7248340737293,substation,380000;110000,0.0041841004184100415,0.0011276260770807197,0.0,0.00047864552906801947,Moderate
209,8.40826973550855,49.5285689245626,substation,220000,0.006276150627615062,0.0029388934259071387,4.824434444707596e-05,0.0008423947901609162,High
210,9.1907874369222,48.914416873799,substation,380000;220000;110000,0.008368200836820083,0.0014310335118631668,4.824434444707596e-05,0.0009420901461144946,Severe
211,12.1320699705054,54.14245987564,generator,,0.0020920502092050207,0.0011276260770807197,0.0,0.00027732285204639653,Low
212,12.2135605440795,54.1119998545154,substation,220000;110000,0.0020920502092050207,0.0017209420492945928,0.0,0.00031731138960308886,Moderate
213,8.5712588278729,52.1053649602273,substation,380000;110000,0.0041841004184100415,0.0011276260770807197,0.0,0.00047864552906801947,Moderate
214,8.65939116489136,51.9996301226548,substation,380000;220000;110000,0.014644351464435145,0.001606690447789847,8.333114040858574e-05,0.0015872426924161123,Severe
215,7.31136229105814,53.1257665563186,substation,380000;150000;110000,0.010460251046025104,0.002457274126395849,2.6315096971132338e-05,0.001194238830811065,Severe
216,6.94948397153705,53.1235378223082,substation,380000;220000,0.0020920502092050207,0.0011276260770807197,0.0,0.00027732285204639653,Low
217,8.27327814618118,49.0293980916396,substation,220000;110000,0.0041841004184100415,0.004756165306041048,0.0,0.0007232032083291928,High
218,8.3523338799966,49.4212743386606,substation,220000;110000,0.008368200836820083,0.0039807971000950714,7.455944141820829e-05,0.0011359492320554261,Severe
219,7.72920197913641,49.4826474297682,substation,220000;110000,0.006276150627615062,0.003355407873013921,0.0001140320868749068,0.0009254900438149987,Severe
220,9.79733602695253,52.0008392513306,substation,220000;110000,0.0041841004184100415,0.0011276260770807197,0.0,0.00047864552906801947,Moderate
221,10.0821573264928,48.2660901578788,substation,380000,0.010460251046025104,0.003946890129845984,5.2630193942264676e-05,0.001316645683043377,Severe
222,8.62716125806072,49.5435952670263,substation,220000;110000,0.0020920502092050207,0.0011276260770807197,0.0,0.00027732285204639653,Low
223,8.50194997433055,49.4448862228944,substation,220000;110000,0.0041841004184100415,0.003210643121737343,0.0,0.0006190375111187836,High
224,10.391776056934,48.5184609117668,substation,380000,0.006276150627615062,0.006398502155936724,0.0,0.0010352167345415726,Severe
225,7.95805402328778,47.5954722640613,substation,380000;220000,0.014644351464435145,0.005125933676032269,0.0003727972070910415,0.0020665345516422138,Severe
226,10.0837512706734,48.268867515302,substation,380000;220000;110000,0.008368200836820083,0.0013632681177386755,7.894529091339702e-05,0.0009632001995383363,Severe
227,9.88551509756969,48.3040743584705,substation,380000;220000;110000,0.010460251046025104,0.003456229646905437,6.578774242783085e-05,0.0012945805301681152,Severe
228,9.01340238045655,47.8453486310857,substation,220000;110000,0.0041841004184100415,0.0011276260770807197,0.0,0.00047864552906801947,Moderate
229,8.25192548128222,47.6397698264894,substation,220000;110000,0.010460251046025104,0.001606690447789847,7.455944141820829e-05,0.0011772609579559176,Severe
230,9.19675652645089,48.9129634380259,substation,220000;110000,0.0041841004184100415,0.0013032830130073995,8.771698990377447e-06,0.0004978209030539218,Moderate
231,8.5471609252134,49.4405396661002,substation,220000;110000,0.0041841004184100415,0.002235194666824059,8.771698990377447e-06,0.0005606302422819134,High
232,6.13980655044038,49.6686113734605,substation,220000;65000,0.0041841004184100415,0.0011276260770807197,0.0,0.00047864552906801947,Moderate
233,6.62053556843084,49.7489386710632,substation,220000,0.006276150627615062,0.0018462226331444108,1.3157548485566169e-05,0.0007394050231335124,High
234,10.4203895577612,52.1652004276784,substation,220000,0.0041841004184100415,0.0014177045935181523,1.7543397980754893e-05,0.000512869113058868,Moderate
235,10.4129154898186,52.1587766167586,substation,220000,0.0020920502092050207,0.002332557035298791,0.0,0.0003585332511127408,Moderate
236,6.70228540768092,49.8289944201161,substation,220000;110000,0.006276150627615062,0.006477949911694823,0.0,0.0010405713848690753,Severe
237,8.53151493939883,50.047874332134,substation,220000,0.0020920502092050207,0.001477500252449747,0.0,0.0003009038059682265,Low
238,8.4713716330449,50.0972077427754,substation,380000;110000,0.0041841004184100415,0.001685707807293834,8.771698990377447e-06,0.0005235957160795535,Moderate
239,8.06573796639762,50.4060681118621,substation,380000;110000,0.0020920502092050207,0.002560406774143381,0.0,0.00037388995523966934,Moderate
240,8.98953614977701,50.0602550608281,substation,380000;110000,0.0041841004184100415,0.0013133857310291567,0.0,0.0004911654295027201,Moderate
241,8.95870856177306,50.0826078105489,substation,380000;220000,0.012552301255230124,0.0029086135621645133,6.578774242783085e-05,0.001458994768184463,Severe
242,10.363384232266,47.7383368092793,substation,380000;220000,0.008368200836820083,0.001438455000807918,2.1929247475943617e-05,0.000920581201223248,Severe
243,7.46150025901999,51.6146143079042,generator,,0.0041841004184100415,0.001447002324220138,2.1929247475943616e-06,0.0005020050670248998,Moderate
244,7.71823231962748,51.6743422007117,generator,,0.0020920502092050207,0.0017140970508878715,0.0,0.0003168500477739766,Low
245,7.98122159643085,51.6735262619046,substation,380000;110000,0.0041841004184100415,0.0014514819833422563,0.0,0.0005004728937050662,Moderate
246,7.79256714933307,49.8105487811028,substation,220000;110000,0.0041841004184100415,0.0018140051226687702,0.0,0.0005249063673532401,Moderate
247,6.92013045452502,49.9705818904706,substation,220000;110000,0.0020920502092050207,0.0015065666193519837,0.0,0.0003028628321177665,Low
248,6.75552340556687,49.3648695914696,substation,220000,0.008368200836820083,0.0011276260770807197,0.0,0.0008812908831112654,Severe
249,9.88280429852399,51.5155074975239,substation,220000;110000,0.0041841004184100415,0.0011276260770807197,0.0,0.00047864552906801947,Moderate
250,9.85139357253472,51.6491352399809,substation,220000;110000,0.0041841004184100415,0.001606690447789847,4.385849495188723e-06,0.0005146018835554585,Moderate
251,8.78579302528601,48.5837674015328,substation,380000;110000,0.0041841004184100415,0.0011276260770807197,0.0,0.00047864552906801947,Moderate
252,9.0454349679866,48.9029620137561,substation,380000;220000;110000,0.012552301255230124,0.003635060585798315,2.6315096971132338e-05,0.0014749424115522354,Severe
253,9.8013171668981,47.6525043240978,substation,380000,0.0041841004184100415,0.0011276260770807197,0.0,0.00047864552906801947,Moderate
254,9.81091204610763,47.1426409446468,substation,380000;220000,0.0041841004184100415,0.001606690447789847,4.385849495188723e-06,0.0005146018835554585,Moderate
255,8.10495957410199,52.2642613740358,substation,220000;110000,0.006276150627615062,0.0017586690797719092,3.070094646632106e-05,0.0007481768159820141,High
256,12.1301906295374,47.9131654820025,substation,220000,0.0020920502092050207,0.0014848351972138302,0.0,0.00030139816938992974,Low
257,6.8018236570969,51.1247880606241,substation,220000;110000,0.0020920502092050207,0.003567853617417286,0.0,0.000441790244150327,Moderate
258,7.98506745761923,50.8422254447013,substation,220000;110000,0.0020920502092050207,0.0011276260770807197,0.0,0.00027732285204639653,Low
259,7.22423633379661,53.3499242086114,substation,220000;110000,0.0041841004184100415,0.0011276260770807197,0.0,0.00047864552906801947,Moderate
260,7.20605284001418,53.3413192541639,substation,220000;110000,0.0020920502092050207,0.001606690447789847,0.0,0.0003096110163253611,Low
261,9.31819523638713,54.7160494089748,substation,380000;220000;110000;20000,0.006276150627615062,0.003842123310560419,5.2630193942264676e-05,0.0009069392147138198,Severe
262,9.27063390877085,55.0370264816237,substation,400000;220000;150000,0.0020920502092050207,0.0027607640028189553,0.0,0.0003873937086170686,Moderate
263,9.43342930362242,55.0187229179606,substation,220000;150000;60000,0.0020920502092050207,0.0027607640028189553,0.0,0.0003873937086170686,Moderate
264,7.43348911422107,50.4365195361077,substation,220000,0.0020920502092050207,0.0015065666193519837,0.0,0.0003028628321177665,Low
265,7.59330184856855,50.3859437917469,substation,380000;110000,0.0020920502092050207,0.0017821597410038123,0.0,0.00032143736307876285,Moderate
266,8.12215702005755,53.5658323292485,substation,220000,0.0020920502092050207,0.0013671582624352834,0.0,0.0002934669341858788,Low
267,11.5615074728142,52.1238924527264,substation,220000;110000,0.0041841004184100415,0.0011911165358493992,0.0,0.0004829246833700509,Moderate
268,12.8139099116529,50.8579185114397,substation,380000;220000;110000,0.02092050209205021,0.0011276260770807197,0.0,0.002089226945241003,Severe
269,13.3823233828996,51.3559961579888,substation,380000;110000,0.010460251046025104,0.005694349683775688,0.00010526038788452935,0.0014784399150789712,Severe
270,12.0449825161601,50.7812567340735,substation,380000;220000;110000,0.008368200836820083,0.0022595840131580903,3.5086795961509786e-05,0.0009869285400986691,Severe
271,12.5182220968156,51.1570725850832,substation,380000;220000;110000,0.014644351464435145,0.003104454917133326,7.675236616580266e-05,0.001682687311515796,Severe
272,8.48009523461158,50.5909204313802,substation,380000;110000,0.0020920502092050207,0.0011276260770807197,0.0,0.00027732285204639653,Low
273,8.65659923594081,50.6055491256016,substation,380000;110000,0.006276150627615062,0.0035711944766285667,0.0,0.0008446607667046168,High
274,8.08162670615254,52.858637484526,substation,220000,0.0020920502092050207,0.0011276260770807197,0.0,0.00027732285204639653,Low
275,9.56710201161841,51.3252573276817,substation,220000;110000,0.0041841004184100415,0.001606690447789847,8.771698990377447e-06,0.0005182700737639328,Moderate
276,7.74679248425685,52.2885115081219,substation,220000,0.0020920502092050207,0.0033664358222602444,0.0,0.0004282150103062596,Moderate
277,7.91072928612534,48.5012882982432,substation,220000;110000,0.006276150627615062,0.0036702364016027245,1.9736322728349255e-05,0.0008678428883055619,High
278,7.7257063478071,52.2771949017405,substation,220000;110000,0.0020920502092050207,0.0011276260770807197,0.0,0.00027732285204639653,Low
279,14.2192282929357,51.120707992198,substation,380000;110000,0.006276150627615062,0.00873188385419845,0.0,0.001192482889583498,Severe
280,13.1034346393158,48.6667929606034,substation,380000;220000;110000,0.008368200836820083,0.0011276260770807197,0.0,0.0008812908831112654,Severe
281,13.0818771201792,48.2565212405017,substation,,0.010460251046025104,0.001918201791284786,2.6315096971132338e-05,0.0011579062267216675,Severe
282,11.6441811001256,51.908512873438,substation,220000;110000,0.0041841004184100415,0.0022032596802767208,0.0,0.0005511414953878655,High
283,11.4746908222742,50.6040154814218,plant,220000,0.0041841004184100415,0.0013123481766377483,0.0,0.0004910955000137277,Moderate
284,10.9910146333086,50.573526990181,substation,380000;110000,0.0041841004184100415,0.0024048202631883875,0.0,0.0005647263528958083,High
285,10.5054991208047,52.3018379056382,substation,220000,0.0020920502092050207,0.0013655017728746938,0.0,0.0002933552894668622,Low
286,9.11362795987411,52.5457924749284,plant,,0.0020920502092050207,0.0018079961344847385,0.0,0.00032317869424027933,Moderate
287,9.25195508330594,53.1147760993124,substation,380000;220000,0.006276150627615062,0.0019116492016364403,3.5086795961509786e-05,0.0007621556191439553,High
288,10.3692300485918,52.1670924338554,substation,220000;110000,0.010460251046025104,0.0013655017728746938,5.2630193942264676e-05,0.0011426642800550467,Severe
289,10.4195406346214,52.2369606619834,substation,220000,0.0041841004184100415,0.0013655017728746938,6.5787742427830845e-06,0.0005001802518011968,Moderate
290,10.0876467999739,52.3151305547947,substation,220000;110000,0.008368200836820083,0.003492882662916433,4.3858494951887234e-05,0.0010773872561413674,Severe
291,8.40314562686995,52.6096453279888,substation,220000;110000,0.0020920502092050207,0.0011276260770807197,0.0,0.00027732285204639653,Low
292,10.2358512723672,52.2934509180199,substation,380000;110000,0.0041841004184100415,0.0015385022789066753,8.771698990377447e-06,0.0005136743013930453,Moderate
293,9.51420568468798,51.2590144413487,substation,380000;110000,0.0041841004184100415,0.002134001364501185,5.2630193942264676e-05,0.0005904918793477927,High
294,9.38765125748855,51.640733525594,substation,380000;220000;110000,0.006276150627615062,0.004305361928696939,3.947264545669851e-05,0.0009271561782229691,Severe
295,9.77415043834156,50.5287496465011,substation,380000;110000,0.0041841004184100415,0.0021915017939085563,0.0,0.0005503490328508024,High
296,9.17745967557079,49.037809850476,substation,380000;110000,0.0020920502092050207,0.0011276260770807197,0.0,0.00027732285204639653,Low
297,9.17731110343941,49.039378200434,substation,380000,0.0041841004184100415,0.0022715144724474116,0.0,0.0005557417580606492,High
298,9.15135004876944,49.143382674357,substation,380000;220000;110000,0.012552301255230124,0.0011276260770807197,0.0,0.0012839362371545114,Severe
299,10.1878339995516,49.981219040845,substation,380000,0.012552301255230124,0.006865087101965313,9.648868889415192e-05,0.0017513320214187405,Severe
300,9.44691867105201,49.5902629324336,substation,380000;110000,0.0041841004184100415,0.004417504939621328,0.0,0.0007003780470057816,High
301,9.20736443093694,49.1766379540065,generator,,0.0020920502092050207,0.0013133857310291567,0.0,0.0002898427524810971,Low
302,9.69465635518013,49.2325925411591,substation,380000;110000,0.006276150627615062,0.0056889310344847505,0.0,0.000987392787828238,Severe
303,10.1174063901464,48.8970661753963,substation,380000;220000;110000,0.006276150627615062,0.0017142355106021002,4.385849495188723e-06,0.0007231729239866449,High
304,12.3374229103144,51.1969683571228,substation,380000;110000,0.0041841004184100415,0.0011276260770807197,0.0,0.00047864552906801947,Moderate
305,10.8675658805484,48.5394690937344,substation,380000,0.008368200836820083,0.0013580621034977682,5.2630193942264676e-05,0.0009408401813420803,Severe
306,10.8408695619217,48.2380310092335,substation,380000;220000;110000,0.010460251046025104,0.0015123500139365155,7.894529091339702e-05,0.0011745707554041533,Severe
307,10.9367289314287,48.4013064414835,substation,380000;110000,0.0041841004184100415,0.001919368084163894,0.0,0.000532007660660937,High
308,10.8739357569814,47.2444239286028,substation,380000;220000;110000,0.0020920502092050207,0.0015351288126592344,0.0,0.00030478787778189496,Low
309,10.8637616199498,48.5468231051405,substation,380000;110000,0.0020920502092050207,0.0015123500139365155,0.0,0.00030325262356512255,Low
310,9.42551238607291,48.0643507981263,substation,380000;220000;110000,0.008368200836820083,0.0011276260770807197,0.0,0.0008812908831112654,Severe
311,9.70423149899321,48.465063732143,substation,380000;110000,0.0041841004184100415,0.0018104720591422358,3.5086795961509786e-05,0.000554013766249801,High
312,9.4006313946006,48.666942439706,substation,380000;220000;110000,0.006276150627615062,0.001606690447789847,2.6315096971132338e-05,0.0007342655116194533,High
313,7.5724373132812,48.0188749889275,substation,400000,0.0020920502092050207,0.0011276260770807197,0.0,0.00027732285204639653,Low
314,7.75187090805771,48.0964620973277,substation,220000;110000,0.006276150627615062,0.0024271778095297323,2.6315096971132338e-05,0.0007895650336554111,High
315,12.4772465232803,50.7531200813148,substation,220000;110000,0.0020920502092050207,0.0012322493304539775,0.0,0.00028437429022226234,Low
316,14.9464972856333,51.0625862159619,substation,380000;110000,0.0020920502092050207,0.0011276260770807197,0.0,0.00027732285204639653,Low
317,13.8412680841242,50.9901759359427,substation,380000;110000,0.006276150627615062,0.0012322493304539775,4.385849495188723e-06,0.0006906878344739826,High
318,13.255555023675,50.9301782416399,substation,380000,0.0041841004184100415,0.0017558177312285688,0.0,0.0005209846312178547,Moderate
319,13.0027821071279,48.261968265807,substation,220000,0.0041841004184100415,0.0022860373064553362,0.0,0.0005567205735996757,High
320,12.2208353620671,48.5857329876532,substation,220000;110000,0.006276150627615062,0.001447002324220138,1.7543397980754893e-05,0.0007161664097761831,High
321,12.7474442277007,48.1487558434787,substation,220000;110000,0.0041841004184100415,0.0018467754641046294,0.0,0.0005271150353996501,Moderate
322,11.193727795361,50.1622144406172,substation,380000;110000,0.010460251046025104,0.0013840267261926468,4.824434444707596e-05,0.0011402446417585102,Severe
323,10.8360157547717,49.9280673897058,substation,380000,0.0041841004184100415,0.0014562872864771724,1.3157548485566169e-05,0.0005118013339950204,Moderate
324,11.8107025453557,50.1837655260691,substation,380000;220000;110000,0.006276150627615062,0.004617051655726762,0.0,0.0009151498501675996,Severe
325,12.2968837896062,48.6069099225677,substation,380000,0.0041841004184100415,0.0025675978189297617,0.0,0.0005756972970570824,High
326,12.0822544456506,49.2974477669261,substation,380000;220000;110000,0.010460251046025104,0.0014310335118631668,1.7543397980754893e-05,0.0011177354916767968,Severe
327,8.95368121281126,49.5674431691125,substation,220000;110000,0.0020920502092050207,0.0012351711398929726,0.0,0.00028457121545596,Low
328,12.4696440085589,51.3716629493371,substation,220000;110000,0.0020920502092050207,0.0011276260770807197,0.0,0.00027732285204639653,Low
329,12.2488239057592,51.1978824277899,substation,220000;110000,0.0041841004184100415,0.0011276260770807197,0.0,0.00047864552906801947,Moderate
330,11.0049169149012,50.5074149690608,substation,380000,0.0020920502092050207,0.0011276260770807197,0.0,0.00027732285204639653,Low
331,13.0025898987886,50.8659127196838,substation,220000;110000,0.0020920502092050207,0.0011881974342968162,0.0,0.0002814052636218978,Low
332,12.2428369226029,50.5674531670625,substation,220000;110000,0.0020920502092050207,0.003047899021271651,0.0,0.0004067461447673939,Moderate
333,13.3686584616208,52.5031422115792,substation,380000;110000,0.0041841004184100415,0.0011276260770807197,0.0,0.00047864552906801947,Moderate
334,13.3155158513838,52.5219993683183,substation,380000;110000,0.0020920502092050207,0.001606690447789847,0.0,0.0003096110163253611,Low
335,11.7924138446413,48.8382240226632,substation,220000;110000,0.006276150627615062,0.0011276260770807197,0.0,0.0006799682060896424,High
336,11.3269526751765,49.393473117636,substation,220000;110000,0.006276150627615062,0.0018527289067037343,0.0,0.0007288389648299645,High
337,11.5077305510922,48.7611239877457,substation,380000;220000;110000,0.0020920502092050207,0.001447002324220138,0.0,0.0002988482948990396,Low
338,11.8076056361242,48.4554267991033,substation,220000;110000,0.0041841004184100415,0.0014848351972138302,8.771698990377447e-06,0.0005100572268285015,Moderate
339,11.5813705216127,48.7648940508515,substation,380000;220000;110000,0.0041841004184100415,0.003526149483721816,0.0,0.0006403021299668391,High
340,11.6393728932573,48.1787051234443,substation,380000;110000,0.0020920502092050207,0.0011276260770807197,0.0,0.00027732285204639653,Low
341,6.17791451185192,49.9530650802033,substation,220000,0.0041841004184100415,0.001718711139356656,0.0,0.0005184837069006918,Moderate
342,6.21102031526762,49.9586257531557,substation,220000,0.008368200836820083,0.0020857548184989743,1.7543397980754893e-05,0.0009605399725030922,Severe
343,6.11451700702834,49.9053646588261,substation,220000;65000,0.0020920502092050207,0.0011276260770807197,0.0,0.00027732285204639653,Low
344,6.08346044961418,49.7764406189112,substation,220000;65000,0.0020920502092050207,0.001718711139356656,0.0,0.0003171610298790688,Moderate
345,6.27694178519793,49.1977400673896,substation,400000;225000,0.0020920502092050207,0.0011276260770807197,0.0,0.00027732285204639653,Low
346,6.77320783777607,49.2910742103854,substation,380000;220000;110000,0.006276150627615062,0.002384009385376418,1.3157548485566169e-05,0.0007756509810147359,High
347,6.70365235663769,49.1385111923078,substation,400000;225000;90000,0.0020920502092050207,0.0031544686005851403,0.0,0.0004139287621658047,Moderate
348,8.04936352422006,47.550881853478,substation,380000;220000,0.012552301255230124,0.004138577992339494,0.0003026236151680219,0.0017399746540569757,Severe
349,7.50006173413631,51.535174092458,substation,220000,0.0020920502092050207,0.001606690447789847,0.0,0.0003096110163253611,Low
350,6.97593254033334,51.0376007284972,substation,220000;110000,0.0020920502092050207,0.0012397351189117147,0.0,0.00028487882026511074,Low
351,13.2428489964032,52.5349539946502,generator,,0.0020920502092050207,0.0011276260770807197,0.0,0.00027732285204639653,Low
352,13.249028367237,52.5316238928337,substation,380000;110000,0.0020920502092050207,0.0020857548184989743,0.0,0.0003418991806043257,Moderate
353,8.56218193445384,49.132949935954,substation,380000;110000,0.0041841004184100415,0.005176932160748426,0.0,0.0007515622142553169,High
354,8.4413154852023,49.2514026469585,substation,380000,0.0020920502092050207,0.0011276260770807197,0.0,0.00027732285204639653,Low
355,7.93694768561015,47.6490866072012,substation,380000,0.0020920502092050207,0.00207900381643767,0.0,0.0003414441739769692,Moderate
356,9.06879105808819,53.5666414121342,substation,380000;110000,0.0041841004184100415,0.0020065400686885724,0.0,0.0005378829115227155,High
357,6.7413761724965,49.3574919373628,substation,220000,0.0020920502092050207,0.0013671582624352834,0.0,0.0002934669341858788,Low
358,6.74970009407096,49.3651763747607,substation,220000,0.0020920502092050207,0.0013671582624352834,0.0,0.0002934669341858788,Low
359,6.76601564520935,49.3600771523749,substation,220000;110000,0.0020920502092050207,0.0013671582624352834,0.0,0.0002934669341858788,Low
360,12.1504016214021,49.0127518128214,substation,220000,0.0020920502092050207,0.001384910178499516,0.0,0.00029466338463636813,Low
361,7.5913598406626,51.928441667004,substation,220000;110000,0.0020920502092050207,0.0017512850089349747,0.0,0.000319356456039836,Moderate
362,8.45154719139035,49.0074407636631,substation,220000;110000,0.0020920502092050207,0.001447002324220138,0.0,0.0002988482948990396,Low
363,8.99620817966153,52.379587985752,substation,380000,0.0020920502092050207,0.0018104720591422358,0.0,0.000323345567560383,Moderate
364,9.56282337410874,48.7014898200493,substation,380000;110000,0.0020920502092050207,0.0011276260770807197,0.0,0.00027732285204639653,Low
365,9.37084541589578,48.7191233300187,substation,380000;110000,0.0041841004184100415,0.0020857548184989743,4.385849495188723e-06,0.000546890047834423,High
366,9.37760577643558,48.812606857093,substation,380000;110000,0.0041841004184100415,0.0035837272459700443,0.0,0.0006441827780800228,High
367,9.82158380229154,52.4248552546066,substation,220000;110000,0.0020920502092050207,0.0011276260770807197,0.0,0.00027732285204639653,Low
368,9.0762254363019,49.3633869626072,substation,220000;110000,0.0020920502092050207,0.0012351711398929726,0.0,0.00028457121545596,Low
369,10.1602886150506,49.9891924081733,substation,380000;220000;110000,0.006276150627615062,0.0012760685581455196,1.7543397980754893e-05,0.0007046457502212474,High
370,10.1964888525918,50.0279672057362,substation,220000;110000,0.0020920502092050207,0.001525245254048895,0.0,0.00030412174190625255,Low
371,10.8431177989998,49.3786926858391,substation,380000;220000;110000,0.010460251046025104,0.0011276260770807197,0.0,0.0010826135601328885,Severe
372,9.09051754868887,49.9700413735997,substation,380000;220000;110000,0.008368200836820083,0.0035154499164490524,2.6315096971132338e-05,0.0010642354917203478,Severe
373,8.8139941935628,51.9834366294197,substation,220000;110000,0.0041841004184100415,0.004187436825097503,0.0,0.0006848718279436105,High
374,8.93221843866486,52.1933124298166,substation,220000;110000,0.008368200836820083,0.0033828519178769408,8.771698990377447e-06,0.0010406258400994755,Severe
375,8.95904413219088,52.2784949764899,substation,220000;110000,0.0020920502092050207,0.0011276260770807197,0.0,0.00027732285204639653,Low
376,9.59430158866246,49.7984427303145,substation,220000;110000,0.0041841004184100415,0.0012760685581455196,4.385849495188723e-06,0.0004923185025742012,Moderate
377,10.9729038959004,49.5585073756737,substation,380000;110000,0.0041841004184100415,0.0017126879355891002,0.0,0.000518077752702001,Moderate
378,8.95464412133747,50.0860157333265,substation,220000;110000,0.0041841004184100415,0.0011276260770807197,0.0,0.00047864552906801947,Moderate
379,7.17590438914786,51.4755782506206,substation,220000,0.0020920502092050207,0.0014690490681114779,0.0,0.0003003342098033898,Low
380,10.99933301239,52.2001419745622,substation,380000;110000,0.006276150627615062,0.0017163557856630205,8.771698990377447e-06,0.0007269840173072464,High
381,10.9772332275028,52.1694333176707,plant,,0.0020920502092050207,0.0025866156464012307,0.0,0.00037565639086871693,Moderate
382,10.231641549556,48.5297622792522,substation,380000;110000,0.0041841004184100415,0.0011276260770807197,0.0,0.00047864552906801947,Moderate
383,10.2224539935941,48.7367522347984,substation,380000;110000,0.0041841004184100415,0.0011276260770807197,0.0,0.00047864552906801947,Moderate
384,9.64533503255392,47.7445961090448,substation,380000;110000,0.0020920502092050207,0.001606690447789847,0.0,0.0003096110163253611,Low
385,10.4015868558303,48.5099297352537,substation,380000;110000,0.0020920502092050207,0.0011276260770807197,0.0,0.00027732285204639653,Low
386,8.80962330905886,50.2034748086043,substation,380000;110000,0.0041841004184100415,0.0011276260770807197,0.0,0.00047864552906801947,Moderate
387,9.72460611042234,54.2882702503445,substation,380000;110000,0.0020920502092050207,0.0015551498648616337,0.0,0.0003061372643405153,Low
388,9.09714220939812,48.8277618380686,substation,220000;110000,0.0020920502092050207,0.0011276260770807197,0.0,0.00027732285204639653,Low
389,8.62886493303814,51.9936340707213,substation,220000;110000,0.0041841004184100415,0.0013108286576338094,0.0,0.0004909930868888451,Moderate
390,10.0604081018258,54.3487708201584,substation,220000;110000,0.0041841004184100415,0.001447002324220138,0.0,0.0005001709719206625,Moderate
391,9.44963652666114,53.967286497351,substation,220000;110000,0.0041841004184100415,0.0027655000327401705,4.385849495188723e-06,0.0005927037766090593,High
392,8.25885994832776,47.6342116213731,substation,380000;220000;110000,0.008368200836820083,0.0017724565028939248,7.017359192301957e-05,0.0009834424549138598,Severe
393,8.23209442033504,47.5561434831307,substation,,0.0020920502092050207,0.0018808975184722273,0.0,0.0003280921296912766,Moderate
394,7.75259055668336,47.5391330214816,substation,,0.0041841004184100415,0.0011276260770807197,0.0,0.00047864552906801947,Moderate
395,8.86152575255362,47.8064353220893,substation,220000;110000,0.0041841004184100415,0.0019481134388206049,0.0,0.0005339450511039774,High
396,13.1456729233878,55.5016025811583,substation,400000;130000,0.0020920502092050207,0.0011276260770807197,0.0,0.00027732285204639653,Low
397,10.8023579660248,53.8975474102628,substation,380000;110000,0.0020920502092050207,0.002085754818498974,0.0,0.00034189918060432566,Moderate
398,9.21565014323537,48.8523053231829,substation,380000;110000,0.0041841004184100415,0.0011276260770807197,0.0,0.00047864552906801947,Moderate
399,10.4012813869114,48.5146084080517,plant,,0.0020920502092050207,0.0011276260770807197,0.0,0.00027732285204639653,Low
400,8.73757268935919,51.7001692737445,substation,220000;110000,0.0020920502092050207,0.0013108286576338094,0.0,0.00028967040986722215,Low
401,10.6414677086397,53.9191626884641,substation,220000;110000,0.0020920502092050207,0.001643852588247615,0.0,0.0003121156845274281,Low
402,8.67371728898445,49.2904393851271,substation,380000;220000;110000,0.0041841004184100415,0.0011276260770807197,0.0,0.00047864552906801947,Moderate
403,9.48789502699389,53.6365577623199,substation,220000,0.0041841004184100415,0.0035229659807700328,0.0,0.000640087567013352,High
404,9.49151079250535,53.6580982806881,substation,220000,0.0041841004184100415,0.00190438966022564,0.0,0.0005309981390969718,Moderate
405,7.47226685748746,47.6466103447741,substation,400000,0.0020920502092050207,0.0011276260770807197,0.0,0.00027732285204639653,Low
406,13.4428541936116,48.4345463643775,substation,220000,0.0041841004184100415,0.0026292472695962042,0.0,0.0005798523703886256,High
407,13.7106901040113,48.5193051606747,substation,220000,0.0020920502092050207,0.0011276260770807197,0.0,0.00027732285204639653,Low
408,6.02502872785802,54.3540286881643,substation,,0.0020920502092050207,0.001767215247951258,0.0,0.00032043012840165153,Moderate
409,6.02498893249094,54.3549885432577,substation,,0.0020920502092050207,0.001767215247951258,0.0,0.00032043012840165153,Moderate
410,9.09183529743294,49.2946188662059,substation,380000;220000;110000,0.006276150627615062,0.0011276260770807197,0.0,0.0006799682060896424,High
411,8.66378315807233,49.3600873718872,substation,220000;110000,0.0020920502092050207,0.0011276260770807197,0.0,0.00027732285204639653,Low
412,8.34912534966442,49.0130521109254,substation,220000;110000,0.0020920502092050207,0.0011276260770807197,0.0,0.00027732285204639653,Low
413,10.3884721771883,52.1513649329361,substation,220000,0.0020920502092050207,0.0014177045935181523,0.0,0.00029687367520334746,Low
414,8.82002487314451,53.1073882916717,substation,220000;110000,0.0020920502092050207,0.0019398011315426198,0.0,0.0003320621380069152,Moderate
415,8.30626265141083,49.0128258362562,substation,380000,0.0020920502092050207,0.0022545024089466056,0.0,0.00035327249545549576,Moderate
416,6.21619297137216,50.9123617956925,substation,380000;110000,0.0020920502092050207,0.0011276260770807197,0.0,0.00027732285204639653,Low
417,5.91852734477995,51.1484263858426,substation,380000,0.0020920502092050207,0.0011276260770807197,0.0,0.00027732285204639653,Low
418,6.2140153990158,50.9438998573728,auxillary_T_node,380000,0.006276150627615062,0.003823729740291077,0.0,0.0008616812353053126,High
419,10.9662583424068,47.2695304688802,substation,220000;110000,0.0020920502092050207,0.0011276260770807197,0.0,0.00027732285204639653,Low
420,11.2777217163209,47.4958777741445,substation,220000;110000,0.0020920502092050207,0.0011276260770807197,0.0,0.00027732285204639653,Low
421,11.2869438320852,47.4928624569052,auxillary_T_node,220000,0.006276150627615062,0.004115510920316561,0.0,0.0008813468152361005,Severe
422,13.5053368398164,52.4747788520482,auxillary_T_node,220000,0.006276150627615062,0.0023979932804942556,0.0,0.0007655889023182288,High
423,8.46542980021065,48.0435236210637,substation,380000;110000,0.0020920502092050207,0.0011276260770807197,0.0,0.00027732285204639653,Low
424,8.53055554991256,47.9148481845625,auxillary_T_node,380000,0.006276150627615062,0.004810387744683732,0.0,0.0009281803900761611,Severe
425,8.24872901623214,48.8463165189067,substation,220000;110000,0.0020920502092050207,0.0011276260770807197,0.0,0.00027732285204639653,Low
426,8.24975045659741,48.8491773731136,auxillary_T_node,220000,0.006276150627615062,0.005857907244990361,0.0,0.0009987815113017995,Severe
427,9.45967747872262,53.8646574512707,auxillary_T_node,220000,0.006276150627615062,0.005316131942443536,0.0,0.0009622667315760103,Severe
428,7.37185639416872,52.1977066547834,auxillary_T_node,220000,0.006276150627615062,0.005035120064870418,0.0,0.0009433269852241986,Severe
429,7.42474524551043,51.4592583943398,auxillary_T_node,380000,0.006276150627615062,0.0023105424564007337,0.0,0.0007596948581201958,High
430,7.12336046768833,51.4473443869048,auxillary_T_node,380000,0.006276150627615062,0.006725243299653095,0.0,0.0010572385595196954,Severe
431,7.41670791195847,51.4570521583476,substation,380000;220000;110000,0.0041841004184100415,0.0011276260770807197,0.0,0.00047864552906801947,Moderate
432,7.41658261384975,51.4607823586596,auxillary_T_node,380000,0.006276150627615062,0.002438292955256501,0.0,0.000768305035261253,High
433,6.60879226770999,51.0346787720857,auxillary_T_node,380000,0.006276150627615062,0.003563756034872935,0.0,0.0008441594277529643,High
434,6.80890624663756,51.2686075940546,substation,380000,0.0020920502092050207,0.0011276260770807197,0.0,0.00027732285204639653,Low
435,6.72033167479422,51.3441235773954,auxillary_T_node,380000,0.006276150627615062,0.003653999701265148,0.0,0.0008502417050078868,High
436,7.13937473425833,51.5608313916517,auxillary_T_node,220000,0.006276150627615062,0.002285861932598505,0.0,0.0007580314307068032,High
437,7.41946378046051,51.4575100936229,auxillary_T_node,220000,0.006276150627615062,0.00322399047967482,0.0,0.0008212597784921947,High
438,7.19597933005019,51.4115753148661,substation,220000,0.0020920502092050207,0.0011276260770807197,0.0,0.00027732285204639653,Low
439,7.17920262035811,51.4218244823956,auxillary_T_node,220000,0.006276150627615062,0.0027935829706359117,0.0,0.0007922510080462161,High
440,7.32427958320741,51.6213874676194,substation,220000,0.0020920502092050207,0.0011276260770807197,0.0,0.00027732285204639653,Low
441,7.34371334412713,51.6131049439167,auxillary_T_node,220000,0.008368200836820083,0.0029043550161490846,0.0,0.0010010395418957056,Severe
442,6.52272548882226,51.3224954692993,auxillary_T_node,220000,0.006276150627615062,0.00354804253984844,0.0,0.0008431003635858742,High
443,7.09582671880563,50.8268716757217,substation,220000;110000,0.0020920502092050207,0.0011276260770807197,0.0,0.00027732285204639653,Low
444,7.09435790958289,50.8269670893312,auxillary_T_node,220000,0.006276150627615062,0.004587830783303962,0.0,0.0009131804105956993,Severe
445,7.82599043340792,51.7500675542728,auxillary_T_node,380000,0.006276150627615062,0.0025170173278585358,0.0,0.0007736109307332339,High
446,9.14518055750907,52.8532463079177,substation,220000;110000,0.0020920502092050207,0.0011276260770807197,0.0,0.00027732285204639653,Low
447,9.13794792584036,52.8470269944345,auxillary_T_node,220000,0.006276150627615062,0.003681952997516595,0.0,0.0008521257119946081,High
448,8.31888925383353,52.0660374597241,substation,220000;110000,0.0020920502092050207,0.0011276260770807197,0.0,0.00027732285204639653,Low
449,8.33466775124759,52.07052004268,auxillary_T_node,220000,0.006276150627615062,0.003282898197252522,0.0,0.0008252300634449918,High
450,8.57049662373814,49.4986469918577,auxillary_T_node,220000,0.006276150627615062,0.0040640145797935364,0.0,0.0008778760451178557,Severe
451,7.25465688214231,53.0266716315927,substation,380000,0.0020920502092050207,0.0011276260770807197,0.0,0.00027732285204639653,Low
452,7.25501773539194,53.0267136928067,auxillary_T_node,380000,0.006276150627615062,0.005388266163211269,0.0,0.000967128461465954,Severe
453,7.9818783185962,51.6766515664854,auxillary_T_node,380000,0.006276150627615062,0.0040506248178047155,0.0,0.0008769735968015442,High
454,9.92382983732643,51.8975617615529,substation,220000,0.0020920502092050207,0.0011276260770807197,0.0,0.00027732285204639653,Low
455,9.8524162497002,51.8987652474175,auxillary_T_node,220000,0.008368200836820083,0.00504756048131116,0.0,0.0011454881262066101,Severe
456,9.716746472232,47.4326673991358,substation,380000;220000,0.0020920502092050207,0.0011276260770807197,0.0,0.00027732285204639653,Low
457,9.42405263017418,48.0629520494909,auxillary_T_node,220000,0.006276150627615062,0.0036271037185486863,0.0,0.0008484289592444983,High
458,9.4136812208929,52.0274828920508,auxillary_T_node,380000,0.006276150627615062,0.003505133448056585,0.0,0.0008402083601526284,High
459,11.433959296594,50.6527634974964,substation,220000,0.0020920502092050207,0.0011276260770807197,0.0,0.00027732285204639653,Low
460,11.471330230673,50.5977206630367,auxillary_T_node,220000,0.006276150627615062,0.0033857024663427153,0.0,0.0008321589050201848,High
461,10.3552149923206,52.1758109606876,auxillary_T_node,220000,0.006276150627615062,0.0055459063852864475,0.0,0.0009777531576415466,Severe
462,10.7027318899547,47.8264597977002,substation,380000;110000,0.0020920502092050207,0.0011276260770807197,0.0,0.00027732285204639653,Low
463,10.7037422782749,47.826415980499,auxillary_T_node,380000,0.006276150627615062,0.0029002756243048677,0.0,0.0007994419204572615,High
464,10.1949334440241,47.9709368782958,substation,220000;110000,0.0020920502092050207,0.0011276260770807197,0.0,0.00027732285204639653,Low
465,10.6412867739286,48.0274512409907,substation,220000;110000,0.0020920502092050207,0.0011276260770807197,0.0,0.00027732285204639653,Low
466,10.6418025411196,48.0258492685192,auxillary_T_node,220000,0.006276150627615062,0.0032795256005751852,0.0,0.0008250027558800327,High
467,12.7892381350652,50.6270562456686,substation,380000;110000,0.0020920502092050207,0.0011276260770807197,0.0,0.00027732285204639653,Low
468,12.8812449329287,50.5186456389601,substation,380000,0.0020920502092050207,0.0011276260770807197,0.0,0.00027732285204639653,Low
469,12.8259720721456,50.6568443390441,auxillary_T_node,380000,0.006276150627615062,0.0031485068132904867,0.0,0.0008161723013813667,High
470,8.67009921732699,49.3092022842852,auxillary_T_node,380000,0.006276150627615062,0.006539972212883252,0.0,0.001044751587723166,Severe
471,9.22808874457675,51.8124533663924,substation,380000;110000,0.0020920502092050207,0.0011276260770807197,0.0,0.00027732285204639653,Low
472,9.23187002273009,51.810119094224,auxillary_T_node,380000,0.006276150627615062,0.006343189030963817,0.0,0.0010314887193204354,Severe
473,10.2341629653667,48.5289320393823,auxillary_T_node,380000,0.006276150627615062,0.003555212440951551,0.0,0.0008435836033315863,High
474,8.73513573367143,50.1591915403542,substation,220000;110000,0.0020920502092050207,0.0011276260770807197,0.0,0.00027732285204639653,Low
475,8.87225963914833,50.1297253197387,substation,110000,0.0020920502092050207,0.0011276260770807197,0.0,0.00027732285204639653,Low
476,8.74326052934848,50.1623379810729,auxillary_T_node,220000,0.006276150627615062,0.0035229479306263566,0.0,0.0008414090274844654,High
477,7.9575374379229,47.5721591106477,substation,220000,0.0020920502092050207,0.0011276260770807197,0.0,0.00027732285204639653,Low
478,7.95849127307054,47.5791483196323,generator,,0.0020920502092050207,0.0011276260770807197,0.0,0.00027732285204639653,Low
479,7.95027792252062,47.5916738651471,auxillary_T_node,220000,0.006276150627615062,0.0035946811984923057,0.0,0.000846243733796885,High
