v_id;lon;lat;typ;voltage;geom
1;9.52257596986262;52.3604090557601;substation;"220000;110000";010100002031BF0D009E70D94ED02C30414060240EA5305A41
2;9.11321007472722;52.5438533223737;substation;220000;010100002031BF0D002A925DCF9BF52E410D820A365E515A41
3;9.38974509624863;52.0263130660355;substation;"380000;110000";010100002031BF0D002F2B1C491BE62F4141E6F72565F55941
4;9.12526485228443;52.5382642243437;substation;"380000;220000";010100002031BF0D00CC4265AC17002F41603EA2765E505A41
5;10.3662749375017;52.2846467462009;substation;"380000;220000";010100002031BF0D00D21D8D72B09B31411B7222722B235A41
6;9.91814864613865;52.3799963125719;substation;"220000;110000";010100002031BF0D005235C441D3D83041682B3DDD21345A41
7;9.91720008106816;52.2781708137689;substation;"380000;110000";010100002031BF0D006833C2A969D830418D0583DB04225A41
8;10.4149923381504;53.4126068830249;substation;"380000;110000";010100002031BF0D000071C9A4DFB031417644D1AD39EE5A41
9;10.3787705903765;53.2197927685849;substation;"380000;110000";010100002031BF0D00FECE09751FA13141EDFE706423CB5A41
10;12.9416466019288;52.5621144045848;sub_station;"380000;220000;110000";010100002031BF0D00BB2F7F8291FB354146EDD108A2545A41
11;13.2061057426421;52.6571349555645;substation;220000;010100002031BF0D00714375F7906E36414A5744D2A4655A41
12;13.7096697058228;52.5397952580643;substation;"380000;220000;110000";010100002031BF0D0032455A738949374124768784A4505A41
13;11.3704262486892;48.2914922329548;substation;"380000;220000;110000";010100002031BF0D00A424630F56503341DA9C1E9F377B5741
14;11.8132328973194;48.2212664654998;substation;"220000;110000";010100002031BF0D00BACC1C12E3103441FF79CB3CC06F5741
15;11.8681562938884;48.2068029185353;substation;"380000;220000";010100002031BF0D00F7AF831DC52834419F2B222C646D5741
16;10.7610403785613;52.3677293804096;substation;380000;010100002031BF0D003D850C8959473241D3036EADF2315A41
17;13.4947633747219;52.5897644435618;substation;"380000;110000";010100002031BF0D00A399EF2F16EC3641DD46894294595A41
18;13.6834769666546;54.1390906406635;substation;"380000;220000";010100002031BF0D00137F2EB0253E37410E3BDAA1DF735B41
19;11.2939727001158;48.0520427719624;substation;"220000;110000";010100002031BF0D00E8183E4A172F3341DA2137512F545741
20;9.98460981999728;53.741128776279;substation;"380000;220000;110000";010100002031BF0D00CE8851AEB9F530417FD62F35602A5B41
21;10.1575015165126;53.5551316685834;substation;"380000;110000";010100002031BF0D008E4E84E5E74031416FE31C6F43085B41
22;9.20210420095253;53.8951574100045;substation;"380000;220000;110000";010100002031BF0D0063B9951BEB422F41E10F1554BD465B41
23;9.98853660865951;53.766277668594;substation;"220000;110000";010100002031BF0D00A0A21DCF6EF73041496499F0FF2E5B41
24;9.72699196993402;54.2914209867842;substation;"220000;110000";010100002031BF0D0005E304CBB385304104489B9131905B41
25;9.34476098807139;53.9218370583068;substation;380000;010100002031BF0D00FA48CE11FCBE2F41CE6CD3C2A94B5B41
26;9.34400177215961;53.8517774635399;substation;"380000;220000";010100002031BF0D0035E8DA0953BE2F41F9E502A3BD3E5B41
27;9.77654483874895;53.6906352606291;substation;"380000;110000";010100002031BF0D00A23340FE3F9B3041A33E00AB19215B41
28;9.5296074037302;53.618990026717;substation;"220000;110000";010100002031BF0D00F9302C0BDF2F30414046F650F5135B41
29;10.3821666628198;52.9932540372914;substation;380000;010100002031BF0D00ACAE988199A231417A41A18C1DA25A41
30;9.5017896678173;53.5428143723363;substation;"380000;220000;110000";010100002031BF0D00C3AC2F63C62330410954E97A02065B41
31;9.74615081640288;50.9168399490798;substation;"380000;110000";010100002031BF0D00FEA9CB8B088E3041BBFC6735C1335941
32;11.1228545605428;50.9989090670144;substation;"380000;220000;110000";010100002031BF0D00E1347F81AEE4324188201A30EB415941
33;10.3859411643633;51.0018133014781;substation;"380000;110000";010100002031BF0D0018238CAE3DA43141DB70C99E6B425941
34;8.12264230304551;53.5605160490331;substation;"380000;220000";010100002031BF0D00F27465CF20982B41E78041B23F095B41
35;8.08541549011617;53.6058005156079;substation;"220000;110000";010100002031BF0D00D7E0A0ABC0772B415C3150948A115B41
36;8.06005695814032;53.6202025750861;substation;"220000;155000";010100002031BF0D005C9B68DFB2612B41D91C4A352E145B41
37;11.6389127631156;52.2687346818467;substation;"380000;220000";010100002031BF0D0086EF98D715C533417589FFAF57205A41
38;13.2115276454389;52.5806278102291;substation;"380000;110000";010100002031BF0D00EB13B487EC703641C58119C3F1575A41
39;13.1433929102518;53.9081469774219;substation;"380000;110000";010100002031BF0D0019495ACE4B533641D6479CE522495B41
40;11.7273534150745;52.5689469938591;substation;"380000;110000";010100002031BF0D00095DB1028BEB33416FC64ADBDA555A41
41;11.8531057080136;53.0865444750041;sub_station;"380000;110000";010100002031BF0D003A8A15B13922344163B02C98FBB25A41
42;12.1869848227216;53.8157751724384;substation;"380000;220000";010100002031BF0D00837EDCF168B3344151C3EDCE1B385B41
43;12.4993659669539;52.4052284251973;substation;"220000;110000";010100002031BF0D009383FF0D3F3B354127F14E8EA0385A41
44;13.5061534469385;52.473822309174;substation;"220000;110000";010100002031BF0D008F67D11F0AF136414E15240FDC445A41
45;13.3057511424396;52.230781822258;substation;"380000;220000;110000";010100002031BF0D0011B31971E5993641D8574C749A195A41
46;13.5241987309997;52.5356342713481;substation;"380000;220000;110000";010100002031BF0D0073F786EAE2F836413C9DE921E64F5A41
47;13.4564306927748;52.5214517451981;substation;"380000;110000";010100002031BF0D000CB73A036BDB3641EAAB56595D4D5A41
48;13.5370442127043;52.5374565238016;substation;110000;010100002031BF0D0070D95CDE78FE36411CDDD08139505A41
49;9.25938381995371;51.0603668480876;substation;"380000;110000";010100002031BF0D00F0AFA6C8BB742F410393EDB78A4C5941
50;8.3133401659254;49.0090434643525;substation;"380000;220000;110000";010100002031BF0D00314E8F96F93D2C41012448014BF15741
51;7.75349546540486;48.0993557006259;substation;"380000;220000;110000";010100002031BF0D00F2178B5516572A41DDB6D801E25B5741
52;8.43846751211921;49.2524597288652;plant;;010100002031BF0D00240124D0CBAA2C410CEC8DE6BB195841
53;8.51211132935593;49.293965649573;substation;"220000;110000";010100002031BF0D0075362ACCD7EA2C41F34CCF4DA6205841
54;8.62320967451897;49.3565822492832;substation;"380000;220000";010100002031BF0D009A87B49E764B2D41872687FD172B5841
55;8.44554248929306;48.9860881753906;substation;"220000;110000";010100002031BF0D00812790FAF2B02C4125CE644B7DED5741
56;8.64158406338239;48.8900524832355;substation;"220000;110000";010100002031BF0D007D7AA479715B2D41F948A08998DD5741
57;8.56374399744213;53.0317215835514;substation;"380000;110000";010100002031BF0D002918FE3DBF172D4178BA8BED10A95A41
58;8.47470704898602;53.4286511943138;substation;"380000;220000;110000";010100002031BF0D00EF94892550CA2C41C9A681F026F15A41
59;8.51888180951659;53.2026352836834;substation;"220000;110000";010100002031BF0D00CE8B9A2BBBF02C4147CD9F1106C85A41
60;8.12076909802284;48.7048354259965;substation;"220000;110000";010100002031BF0D0068ADFDC27F962B4120ED5F6F07BF5741
61;11.4407746483177;48.1718035473026;substation;"380000;110000";010100002031BF0D0015184835ED6E33412B6C2124AF675741
62;13.3264049984725;50.3463721850552;substation;;010100002031BF0D008D4D589EE0A23641077981B9FBD15841
63;12.1147644054101;49.6311550521523;substation;"380000;220000;110000";010100002031BF0D00D4CF99670194344166809A6F0C595841
64;8.69516075602312;53.0925360847799;substation;"380000;110000";010100002031BF0D000F9A46BC098A2D418BD4F23D11B45A41
65;8.77244296019056;49.974668665137;substation;"380000;220000;110000";010100002031BF0D00A55445C43FCD2D41ABCB8883E8925841
66;8.41937105938048;49.6337356823792;substation;"380000;220000";010100002031BF0D001D26C132309A2C41680008527B595841
67;8.38855636787547;49.9823050841271;substation;"380000;110000";010100002031BF0D005AC78FA5637F2C41885A40FD32945841
68;8.58869049603326;49.8155140579794;substation;"220000;110000";010100002031BF0D00E283214E712D2D41E84BC1CD0C785841
69;8.4123567044736;49.7102660993482;substation;"380000;220000";010100002031BF0D003183888716942C41786F4C5A56665841
70;12.2621734868101;51.7410202755519;substation;"380000;110000";010100002031BF0D00201398E81AD43441FC52145826C35941
71;11.8942661378135;51.4057031412478;substation;"380000;110000";010100002031BF0D0099AC5AA61F343441F89C6F877F885941
72;13.1570904871893;51.8284516615019;substation;380000;010100002031BF0D0048D4049D40593641891950A383D25941
73;13.9024346886892;51.8747235190459;substation;"380000;110000";010100002031BF0D0000EF48F35B9D37412481A85EA8DA5941
74;11.5165549672107;51.5843592098734;substation;"380000;110000";010100002031BF0D000257DE08E18F33419FEAF197B1A75941
75;8.70221844882815;51.7363525828065;substation;"380000;110000";010100002031BF0D006FCD900D2D902D4179225E9254C25941
76;8.99279300916204;51.3430112330698;substation;"380000;110000";010100002031BF0D00DD2AF546E28C2E41FA6EA78C947D5941
77;11.6463786274424;50.534876971042;substation;"380000;220000;110000";010100002031BF0D009F7E3AF054C833413E051BE728F25841
78;14.4719654742998;51.5538127185923;substation;"380000;110000";010100002031BF0D00B9F8CED3039538416F6AC0EB59A25941
79;14.5081091811329;51.4137103812427;substation;380000;010100002031BF0D006E0F9053BBA4384173D338CAE4895941
80;14.4281804852225;51.8888641394403;substation;"380000;110000";010100002031BF0D00C87566B4F981384154E598E325DD5941
81;8.14191382633093;53.5640011680095;plant;;010100002031BF0D00189A0767E3A82B4141BD6EFEE2095B41
82;10.1562824575947;54.2755482549913;substation;"220000;110000";010100002031BF0D00583F08316040314187C650E13C8D5B41
83;10.1773541034729;54.3395212638642;generator;;010100002031BF0D00C8275DE0894931415857286628995B41
84;7.03496796515083;52.2028607381056;substation;"380000;220000;110000";010100002031BF0D0032EE6E1A32E6274113E7FA2DA6145A41
85;7.30819839672552;52.4768390020881;substation;"380000;220000;110000";010100002031BF0D00D1D628D9D1D328415B6242E465455A41
86;7.06030699176008;51.6964760130648;substation;"380000;220000;110000";010100002031BF0D007DF7EE8E3BFC2741D6972C5955BB5941
87;7.54571772261949;51.9703244223875;substation;"380000;110000";010100002031BF0D00D802BBE862A2294140D6706082EB5941
88;7.30561448538174;52.4801491895706;plant;;010100002031BF0D00F8BAA29192D12841687B0E25FD455A41
89;7.27715391322869;52.7532425946802;substation;"380000;110000";010100002031BF0D00DAC7D622D2B8284156DA9E11E3765A41
90;8.30775689679575;52.3456356447783;substation;"380000;220000;110000";010100002031BF0D003EC4E6881E392C4112DEB2ED032E5A41
91;7.88957671235007;52.2773967624078;substation;"380000;220000;110000";010100002031BF0D005BFF0A536FCD2A41E2AA22A6E1215A41
92;7.31784994377907;52.4691114902799;substation;220000;010100002031BF0D0028C3ACA836DC284170D74ED704445A41
93;13.3352803846608;49.5896898612644;substation;;010100002031BF0D0090C83B9FBCA636419885AE9017525841
94;12.2147735096776;54.1003234403618;substation;380000;010100002031BF0D001F42045E7EBF3441333FD8D2AE6C5B41
95;6.99647659179489;49.3754093063084;substation;"380000;220000;110000";010100002031BF0D00A5B64F6CB8C427418A89F38E3C2E5841
96;6.47486313798517;49.9223291565718;substation;"380000;220000;110000";010100002031BF0D00551959EF14FF25415F8503DE108A5841
97;11.6993926965362;53.5722744892702;substation;380000;010100002031BF0D00D984047062DF33417F9A21B3660B5B41
98;11.3706373688866;53.6009910848999;substation;"380000;110000";010100002031BF0D0019A4D88F6D503341B347C702A9105B41
99;6.94821756461883;51.4446013184712;substation;"380000;110000";010100002031BF0D00A7081A15C09A2741F74A0BA5478F5941
100;6.92675896360373;51.4992056838496;substation;"380000;220000";010100002031BF0D007BC7B48F168827414EF9C042CF985941
101;6.68078798893986;51.6462959356851;substation;"380000;220000;110000";010100002031BF0D00CD8284D52BB2264119147D8A89B25941
102;7.16721460965932;51.3899067582106;substation;"380000;220000;110000";010100002031BF0D0034B58B5C3559284194F1EAEBBE855941
103;7.1255729106725;51.4489772588145;substation;"380000;220000";010100002031BF0D00FF1DCA4BFE342841741FAA0B0B905941
104;6.99606888010598;51.5141695891404;substation;"380000;110000";010100002031BF0D0047288CA65DC42741DF0132546C9B5941
105;7.31318284290137;51.4466113896128;substation;380000;010100002031BF0D0097868E9427D8284143032566A18F5941
106;7.99288723332679;51.6837077155955;substation;380000;010100002031BF0D002D4A084648272B4131E0EB2318B95941
107;8.62480052815036;51.4278883849265;substation;"380000;110000";010100002031BF0D00725854CED84C2D4133ADD7865D8C5941
108;7.35311186939787;51.5758105020818;substation;380000;010100002031BF0D00B55F8D56E1FA28418543DCBE32A65941
109;7.12323882950453;51.5256121803004;substation;"380000;110000";010100002031BF0D0041337BA3F6322841456890196C9D5941
110;8.21170597594605;51.1779854801194;substation;"380000;110000";010100002031BF0D008BD106DB95E52B4123B9BE78E9605941
111;6.57648208812114;51.0555954583116;generator;;010100002031BF0D00D609474675572641C31E1574B74B5941
112;6.77252309438106;51.1471054906194;substation;"220000;110000";010100002031BF0D00083DFEA4F301274105A745168F5B5941
113;6.97265814209706;50.7956761130901;substation;"380000;220000;110000";010100002031BF0D00A620F98101B02741DF6CD29DE31E5941
114;7.13689469738717;50.6428608767133;substation;"380000;110000";010100002031BF0D00EAF594F7D63E2841BCF0165CA6045941
115;6.45655246642153;50.8713380368705;substation;"380000;110000";010100002031BF0D0034E1034428EF2541E09BEE98E92B5941
116;7.86394571365263;50.7682419129404;substation;"380000;220000;110000";010100002031BF0D0010AD6CDD24B72A414A3A96152C1A5941
117;6.3216505165612;50.8384088140443;plant;;010100002031BF0D00AC6C3CD5D579254136510BEF3D265941
118;6.1674083913527;50.8020948257555;substation;"380000;110000";010100002031BF0D00539EF585B1F32441EE6CFD3DFE1F5941
119;6.70220337779745;51.0088609096753;substation;"380000;220000";010100002031BF0D00DDDD02BCCBC4264145E3F150A3435941
120;6.61240231530956;51.0359242594819;substation;"380000;220000;110000";010100002031BF0D00F5266F84B27626419C3C49B150485941
121;6.96568442352005;51.0693295322353;substation;"380000;220000;110000";010100002031BF0D000ED4D7E2F0A927413B7D4A9F174E5941
122;7.23319684331545;51.2325069075148;substation;"380000;110000";010100002031BF0D007BF12C949792284162ECC6405F6A5941
123;6.30090123786765;50.8289532122665;substation;"380000;110000";010100002031BF0D0074BE133CCA6725418AF969479D245941
124;7.44948529010545;50.4025276621126;substation;"380000;220000;110000";010100002031BF0D0034467ED1B14E2941211FB8258EDB5841
125;6.62582790177014;51.2606098249047;substation;"220000;110000";010100002031BF0D000E0383935F8226416A10A1AC406F5941
126;7.12308195236379;51.1715887782054;substation;"380000;110000";010100002031BF0D003C802DB6D3322841A0846886CD5F5941
127;6.80109333956604;51.1225390518584;substation;"380000;220000";010100002031BF0D00E4F3AA7ECC1A274138DBCB894D575941
128;7.00877914033175;51.1742549180397;substation;"380000;110000";010100002031BF0D00AC2231736BCF2741CDC473DE43605941
129;6.8426506615144;50.8635385008881;substation;"380000;110000";010100002031BF0D00B7494EC6F03E2741AA50CEAA912A5941
130;6.80461158012622;50.9662452961379;substation;"220000;110000";010100002031BF0D00BD9AD3CADB1D27416838ED44473C5941
131;7.7186272145384;51.5342075115271;substation;"380000;110000";010100002031BF0D0007F2624DC3382A416E56889CEC9E5941
132;7.93077008561427;51.6729710197069;substation;380000;010100002031BF0D00E503379342F12A41C93B214336B75941
133;6.22183144595687;51.6946456422206;substation;"220000;110000";010100002031BF0D00A9AE7B3706232541D5F2DD2A03BB5941
134;7.00674987859998;51.5999114220203;generator;;010100002031BF0D006B773EA8A7CD2741B854FD456AAA5941
135;6.66790549453027;50.9935747483722;generator;;010100002031BF0D00963D49B0F7A626411475EC4FFF405941
136;7.2640834625924;51.5735734103802;substation;"220000;110000";010100002031BF0D00EEF5EE2474AD284136A82192CEA55941
137;7.2789471130269;51.4722816773138;substation;"220000;110000";010100002031BF0D00F5DD4C5F61BA2841A336E5FB1B945941
138;7.18667755311932;51.550589070577;generator;;010100002031BF0D00DE684892226A28411CD6FBA3C9A15941
139;7.35135784054859;51.568368608134;generator;;010100002031BF0D00C671A9D25AF928417F132A86E5A45941
140;7.17937912538938;51.4722019484347;substation;"220000;110000";010100002031BF0D0005A02AA8C9632841D1C2FB6B18945941
141;6.93488869659333;51.0335223350589;substation;"220000;110000";010100002031BF0D00511F8C8E288F2741B6651165E6475941
142;6.82813596908193;51.1626762413706;substation;"220000;110000";010100002031BF0D0070A1003D51322741E289A2F7415E5941
143;7.50597329671546;51.401592550355;substation;"220000;110000";010100002031BF0D0069182740D27F294153E27026C8875941
144;7.03761988504233;51.5985496311832;substation;"220000;110000";010100002031BF0D0060CD248680E82741306EC5422DAA5941
145;6.84699931064759;51.2055917698058;substation;"220000;110000";010100002031BF0D00AD0F15F4B8422741F41EAA5AB3655941
146;7.19316578267403;50.798335064694;substation;"220000;110000";010100002031BF0D002553AF1AC76F2841B22380B0581F5941
147;7.0473845241055;50.9055286094924;substation;"220000;110000";010100002031BF0D00DF576783FEF02741CB8DD4F3CD315941
148;6.70967369516713;51.0909407427733;substation;"220000;110000";010100002031BF0D000BBF13EB4ACB26415BE14BF8D4515941
149;7.01293742640329;50.6176584938251;substation;"220000;110000";010100002031BF0D002E8C1D3F09D32741C90548A554005941
150;6.33006858948983;51.2429161503794;substation;"380000;220000;110000";010100002031BF0D00CBD72D0628812541E6F13AF22D6C5941
151;7.0235444991641;50.999068409611;substation;220000;010100002031BF0D004F385FCB42DC27411D33F53BF2415941
152;7.72438401522458;51.4093341305984;substation;"220000;110000";010100002031BF0D00299293FDC43D2A41AE1BA78621895941
153;6.84223115147656;50.8598647243573;substation;"380000;220000";010100002031BF0D0096931660933E27417F25FBAFEF295941
154;8.364229530696;51.9271204904611;substation;"380000;220000;110000";010100002031BF0D007D67628B3B6A2C418F7B6FA7E3E35941
155;6.48812326381716;50.8810703125704;substation;380000;010100002031BF0D00F8B7E6279D0A264167EFB7D5962D5941
156;8.05408735442182;53.3323026933898;substation;"380000;220000;110000";010100002031BF0D00A3F662CE815C2B41775949C297DF5A41
157;8.47791063608626;53.428485468955;substation;"380000;220000";010100002031BF0D00400AD76319CD2C41B047E1321FF15A41
158;8.05283751634017;53.3338809598955;substation;"220000;110000";010100002031BF0D00091F248B6B5B2B41D6EECF4FE1DF5A41
159;6.85153113794826;50.9841704680083;substation;"220000;110000";010100002031BF0D00EF5934EAA94627416396EA885F3F5941
160;6.59601979462215;50.9525274624278;substation;"380000;110000";010100002031BF0D00D06C2D2173682641E19B0B2BE9395941
161;7.33861258614081;51.6319781250427;substation;"380000;110000";010100002031BF0D0028F7803B45EE2841612B387E07B05941
162;7.70831848872651;51.6762033088437;substation;"380000;220000;110000";010100002031BF0D00C34F962DCC2F2A41FACCE551C7B75941
163;7.61702099509812;51.6371337640588;generator;;010100002031BF0D0002E90CCC65E02941A02377A9EEB05941
164;7.52228010104186;51.5321980552231;substation;"220000;110000";010100002031BF0D00FA5EE9C7008E29416B1D49B6929E5941
165;6.90660779028721;51.5652424465435;substation;"380000;110000";010100002031BF0D00FAE1E81F90762741C511DE8F59A45941
166;6.96734393053748;51.4908618864265;substation;220000;010100002031BF0D007728685B62AB2741E57E83495A975941
167;6.87287359352087;51.4457833372124;substation;"220000;110000";010100002031BF0D0050C0D293395927413980906C7C8F5941
168;6.86805530562473;51.3745129334128;substation;"220000;110000";010100002031BF0D00F6A3B6D6085527411EA6218110835941
169;6.72376714521247;51.3556543809247;substation;"220000;110000";010100002031BF0D0037366DAB8CD7264109D97AE8C77F5941
170;10.7346694291427;51.4401867461807;substation;220000;010100002031BF0D00C09947EFE13B3241E1F2AA89828E5941
171;6.78752251671348;51.505550100013;substation;"220000;110000";010100002031BF0D009206C219FF0E274131D703E8EA995941
172;6.62284323546559;51.258713368098;substation;380000;010100002031BF0D00070DBA12C77F264140680E56EC6E5941
173;6.81216588075166;51.5196200118095;substation;"220000;110000";010100002031BF0D00AE1B91AC6D242741D09B6115609C5941
174;6.72031000055597;51.3915325380171;substation;220000;010100002031BF0D0023D876F98AD4264100CCE26D07865941
175;6.54240844257145;51.2994458149911;substation;"220000;110000";010100002031BF0D00606A1C27D3392641CF7B5F8800765941
176;6.6746753206169;51.3249574728255;substation;"220000;110000";010100002031BF0D00DB1072EADAAC26418380295F707A5941
177;13.0786421047586;54.2848461697305;substation;"220000;110000";010100002031BF0D0055BD84C723373641E8CADF18F88E5B41
178;14.2708204796384;53.0962677950153;substation;"220000;110000";010100002031BF0D00E11710788C3D3841E31ACC2FBEB45A41
179;14.0336963684666;53.5078685980791;substation;"220000;110000";010100002031BF0D00DBFC05EF6FD637412565FE7F9EFF5A41
180;14.4762521006827;53.1967495480613;substation;"400000;220000";010100002031BF0D00BE772F03E1963841883B85A0F4C65A41
181;13.9570055475871;53.252171625753;substation;"380000;220000";010100002031BF0D00F37424C016B537414A32E1EF04D15A41
182;9.90884752815356;53.4880466403676;substation;"380000;110000";010100002031BF0D007B7076DCC7D430415ECD5723FFFB5A41
183;6.61738109142906;51.4757909635544;substation;"380000;220000;110000";010100002031BF0D0016CBA9FC067B26410C8D80C7B8945941
184;6.65673519501182;51.379523634379;substation;"220000;110000";010100002031BF0D003A2098BE409D26417C3E89E8EF835941
185;6.7111452744645;51.5261875490663;substation;380000;010100002031BF0D009376978C92CC2641398630D6859D5941
186;6.68934277038931;51.5764228881728;substation;380000;010100002031BF0D00A4F33D769CB9264112131F2B4EA65941
187;6.72365237186396;51.375845810902;generator;;010100002031BF0D004E66DA1D73D726413DC4C9ED4B835941
188;8.61664767275337;48.0659537906797;substation;"380000;110000";010100002031BF0D005A009DA9C1452D41AF0BF08D72565741
189;8.87294280487974;48.3100912582216;substation;380000;010100002031BF0D00C71523F3A6242E418B4807B9417E5741
190;6.71525259691926;51.5267908666491;substation;"220000;110000";010100002031BF0D007774D0FF24D02641033AF3D2A09D5941
191;12.1857651811846;53.8108597989599;substation;"220000;110000";010100002031BF0D00DDF9C52CE1B2344149F72D1E34375B41
192;6.68306568260248;51.577104777735;generator;;010100002031BF0D0082C3FCEF26B426414B2F44B46CA65941
193;6.68310697663871;51.5756455059265;substation;220000;010100002031BF0D009C9B902130B426416183655B2BA65941
194;6.61427855504049;51.6186788033284;substation;"220000;110000";010100002031BF0D00D3F5CD3D5478264181F85F4CB3AD5941
195;7.44506930371379;51.6185000869374;substation;"220000;110000";010100002031BF0D00536ECAA5DA4A29410932B149ABAD5941
196;6.73212495035583;51.4594437365975;substation;"220000;110000";010100002031BF0D000C505F71D1DE26419638677CDE915941
197;6.72256980950278;51.4797876727124;substation;"380000;220000;110000";010100002031BF0D006890951882D62641F865115E6B955941
198;7.32089257541703;52.4714572265383;plant;;010100002031BF0D00D0443A11DCDE2841F3845A0170445A41
199;6.75917485282445;52.2488578798871;substation;380000;010100002031BF0D0096AF3BCE57F62641993957F5CF1C5A41
200;7.70632726933662;51.278583155205;substation;"220000;110000";010100002031BF0D005C71E2DA102E2A413A93A92560725941
201;7.45034204531003;51.413608212821;plant;;010100002031BF0D0091A0C090704F2941C7F7263BE0895941
202;6.63448162267058;51.0359799381303;plant;;010100002031BF0D0092F3583BE68926415FEA1A2853485941
203;7.60711327565379;51.8985850465974;substation;220000;010100002031BF0D002E5FD7F3C7D729412606E643DCDE5941
204;7.4035444340631;51.644449487967;substation;380000;010100002031BF0D000D4CCA97BD262941E122E5BA36B25941
205;8.93969252741257;52.4030332405173;substation;380000;010100002031BF0D00A4703D0AB45E2E41B81E856B3C385A41
206;9.40952217715674;52.0343151968532;plant;;010100002031BF0D00CA004B6F4EF72F4129A78E1DCFF65941
207;7.23579344536789;49.3693923629482;substation;380000;010100002031BF0D00C18203AFD994284100C58F643B2D5841
208;6.81368431456473;49.7248340737293;substation;"380000;110000";010100002031BF0D0084E494BCBF252741CABDD467C9685841
209;8.40826973550855;49.5285689245626;substation;220000;010100002031BF0D00BE9B5E9C88902C4153DA2744D9475841
210;9.1907874369222;48.914416873799;substation;"380000;220000;110000";010100002031BF0D00D934108E13392F41E051D40BA0E15741
211;12.1320699705054;54.14245987564;generator;;010100002031BF0D00795EF4D9879B344149957CB27F745B41
212;12.2135605440795;54.1119998545154;substation;"220000;110000";010100002031BF0D00D29C2D57F7BE34417058D214D96E5B41
213;8.5712588278729;52.1053649602273;substation;"380000;110000";010100002031BF0D00982F1B56481E2D411C6D7FD05F035A41
214;8.65939116489136;51.9996301226548;substation;"380000;220000;110000";010100002031BF0D00045AB507EE6A2D41E6EADEA4AEF05941
215;7.31136229105814;53.1257665563186;substation;"380000;150000;110000";010100002031BF0D005A5A264192D628412DA3F5D215BA5A41
216;6.94948397153705;53.1235378223082;substation;"380000;220000";010100002031BF0D009D96B208DA9B2741A3D52676AEB95A41
217;8.27327814618118;49.0293980916396;substation;"220000;110000";010100002031BF0D00D47E8938221B2C4166CAE9C6AAF45741
218;8.3523338799966;49.4212743386606;substation;"220000;110000";010100002031BF0D003EBDE11BE35F2C416A664DE0E5355841
219;7.72920197913641;49.4826474297682;substation;"220000;110000";010100002031BF0D002A7838A8F5412A4184BE663B29405841
220;9.79733602695253;52.0008392513306;substation;"220000;110000";010100002031BF0D00D89C28754AA43041869F014DE5F05941
221;10.0821573264928;48.2660901578788;station;380000;010100002031BF0D00FD88A39E24203141FA00545E11775741
222;8.62716125806072;49.5435952670263;station;"220000;110000";010100002031BF0D008D8D7F65E64E2D41E97CDAA45D4A5841
223;8.50194997433055;49.4448862228944;substation;"220000;110000";010100002031BF0D00D350D97B01E22C419AC3344DD8395841
224;10.391776056934;48.5184609117668;substation;380000;010100002031BF0D0095A61638C7A631413CC6747262A05741
225;7.95805402328778;47.5954722640613;substation;"380000;220000";010100002031BF0D00633D0C0BFD082B4191D8ED70420A5741
226;10.0837512706734;48.268867515302;station;"380000;220000;110000";010100002031BF0D005C57860ED6203141B16E2F7C85775741
227;9.88551509756969;48.3040743584705;substation;"380000;220000;110000";010100002031BF0D005D96C381A2CA304138D59FF8457D5741
228;9.01340238045655;47.8453486310857;substation;"220000;110000";010100002031BF0D00346A03BACE9E2E41EFAC0A34A3325741
229;8.25192548128222;47.6397698264894;substation;"220000;110000";010100002031BF0D00CF28084990082C419F36824F67115741
230;9.19675652645089;48.9129634380259;station;"220000;110000";010100002031BF0D00C35FC781443E2F411926967F62E15741
231;8.5471609252134;49.4405396661002;substation;"220000;110000";010100002031BF0D00B73D2F3453092D41A46E31431E395841
232;6.13980655044038;49.6686113734605;substation;"220000;65000";010100002031BF0D00DC1A0C47B0DB2441CC3A6B6F565F5841
233;6.62053556843084;49.7489386710632;substation;220000;010100002031BF0D00E545E84BC57D2641D33DE85BD76C5841
234;10.4203895577612;52.1652004276784;substation;220000;010100002031BF0D007EB29D7538B33141072AC0C6F80D5A41
235;10.4129154898186;52.1587766167586;substation;220000;010100002031BF0D0034333373F8AF3141FFFFFF57D50C5A41
236;6.70228540768092;49.8289944201161;substation;"220000;110000";010100002031BF0D00BA175AFFDDC42641FD63084C527A5841
237;8.53151493939883;50.047874332134;substation;220000;010100002031BF0D000BD728CCB7FB2C41ECE6ADBD4A9F5841
238;8.4713716330449;50.0972077427754;substation;"380000;110000";010100002031BF0D0045DE928D69C72C412847D6E3A5A75841
239;8.06573796639762;50.4060681118621;substation;"380000;110000";010100002031BF0D007CE2C3AFA3662B417E87B0BC28DC5841
240;8.98953614977701;50.0602550608281;substation;"380000;110000";010100002031BF0D005CD15E2C0D8A2E416D5E2C6063A15841
241;8.95870856177306;50.0826078105489;substation;"380000;220000";010100002031BF0D007E5422C03D6F2E4117CD94972CA55841
242;10.363384232266;47.7383368092793;substation;"380000;220000";010100002031BF0D00176DD7A76E9A3141A8EAC55152215741
243;7.46150025901999;51.6146143079042;generator;;010100002031BF0D004A4D9BD124592941B5EA4820FDAC5941
244;7.71823231962748;51.6743422007117;generator;;010100002031BF0D00134F1F626B382A41B02FE1CB73B75941
245;7.98122159643085;51.6735262619046;substation;"380000;110000";010100002031BF0D00C8BC4C0C231D2B41CD5FF22D4FB75941
246;7.79256714933307;49.8105487811028;substation;"220000;110000";010100002031BF0D002C71CD3611792A415E7627A936775841
247;6.92013045452502;49.9705818904706;substation;"220000;110000";010100002031BF0D00FACDFDCB52822741B36DD5AC37925841
248;6.75552340556687;49.3648695914696;substation;220000;010100002031BF0D00FFA7E1D92AF32641F97DF51B7A2C5841
249;9.88280429852399;51.5155074975239;substation;"220000;110000";010100002031BF0D00C5A8FBBD74C9304143580B29A89B5941
250;9.85139357253472;51.6491352399809;substation;"220000;110000";010100002031BF0D00DCA4B81DCCBB3041516409E308B35941
251;8.78579302528601;48.5837674015328;substation;"380000;110000";010100002031BF0D00EEE5F602DCD82D41976FB9121CAB5741
252;9.0454349679866;48.9029620137561;substation;"380000;220000;110000";010100002031BF0D003F49E56DAABA2E41FF3BB305BBDF5741
253;9.8013171668981;47.6525043240978;substation;380000;010100002031BF0D000AECD8A205A630416A3AA35A75135741
254;9.81091204610763;47.1426409446468;substation;"380000;220000";010100002031BF0D00F55BB2BB31AA3041E4AD47F792C15641
255;8.10495957410199;52.2642613740358;substation;"220000;110000";010100002031BF0D004E4E04F2BF882B41C10333448C1F5A41
256;12.1301906295374;47.9131654820025;substation;220000;010100002031BF0D003318E4A4B69A344171477133A13D5741
257;6.8018236570969;51.1247880606241;substation;"220000;110000";010100002031BF0D0054DC89176F1B2741DE009C42B1575941
258;7.98506745761923;50.8422254447013;substation;"220000;110000";010100002031BF0D009DD362497B202B410AB18D22E6265941
259;7.22423633379661;53.3499242086114;substation;"220000;110000";010100002031BF0D0078ADBE9ECC8A2841D9BA8323CDE25A41
260;7.20605284001418;53.3413192541639;substation;"220000;110000";010100002031BF0D00CDB6FB43FC7A2841EEFDD7FF3BE15A41
261;9.31819523638713;54.7160494089748;substation;"380000;220000;110000;20000";010100002031BF0D00133E667FE1A72F41B8138DBEB1DF5B41
262;9.27063390877085;55.0370264816237;substation;"400000;220000;150000";010100002031BF0D0060F3FA7D847E2F4148CA12E1571C5C41
263;9.43342930362242;55.0187229179606;substation;"220000;150000;60000";010100002031BF0D009B50E88B0C0630415044AA2CDF185C41
264;7.43348911422107;50.4365195361077;substation;220000;010100002031BF0D007AAF2E72C8402941951B55D75AE15841
265;7.59330184856855;50.3859437917469;substation;"380000;110000";010100002031BF0D001BC68DFDC4CB29414AC2632FBAD85841
266;8.12215702005755;53.5658323292485;substation;220000;010100002031BF0D00E94A69C4B4972B41E308AFCC380A5B41
267;11.5615074728142;52.1238924527264;substation;"220000;110000";010100002031BF0D0033C9EA1F6DA33341E4AEE377A7065A41
268;12.8139099116529;50.8579185114397;substation;"380000;220000;110000";010100002031BF0D005AEA2AED05C435411F01EBE199295941
269;13.3823233828996;51.3559961579888;substation;"380000;110000";010100002031BF0D009E96B36C31BB36415C0AAB23D77F5941
270;12.0449825161601;50.7812567340735;substation;"380000;220000;110000";010100002031BF0D0077050052A9753441C389D2D9681C5941
271;12.5182220968156;51.1570725850832;substation;"380000;220000;110000";010100002031BF0D00B837051C724335416582D54D495D5941
272;8.48009523461158;50.5909204313802;substation;"380000;110000";010100002031BF0D00C7674CC4FFCE2C419E511F34C0FB5841
273;8.65659923594081;50.6055491256016;substation;"380000;110000";010100002031BF0D0028BD197080682D41BA97C79341FE5841
274;8.08162670615254;52.858637484526;substation;220000;010100002031BF0D00E10EB12375742B41399E8C17D7895A41
275;9.56710201161841;51.3252573276817;substation;"220000;110000";010100002031BF0D00E7F79EEC2C4030410B39C9B97D7A5941
276;7.74679248425685;52.2885115081219;substation;220000;010100002031BF0D00C3F63FFD41512A41ED17F745DB235A41
277;7.91072928612534;48.5012882982432;substation;"220000;110000";010100002031BF0D00BA193DB6D4DF2A414DBCA80F919D5741
278;7.7257063478071;52.2771949017405;substation;"220000;110000";010100002031BF0D00B320B064EB3E2A41BA939C77D8215A41
279;14.2192282929357;51.120707992198;substation;"380000;110000";010100002031BF0D008C6BC7401D2738419A90195AFC565941
280;13.1034346393158;48.6667929606034;substation;"380000;220000;110000";010100002031BF0D00C1FAF3ABEB41364170BC37C6C3B85741
281;13.0818771201792;48.2565212405017;substation;;010100002031BF0D00ECB54EE68B383641ABAB425B81755741
282;11.6441811001256;51.908512873438;substation;"220000;110000";010100002031BF0D003CAA8E4F60C7334140A513129CE05941
283;11.4746908222742;50.6040154814218;plant;220000;010100002031BF0D0072C445BDAC7D334102D9D853FEFD5841
284;10.9910146333086;50.573526990181;substation;"380000;110000";010100002031BF0D00E0E8FB265AAB3241A8437ADFC5F85841
285;10.5054991208047;52.3018379056382;substation;220000;010100002031BF0D00C84C0AD03AD83141644103AD39265A41
286;9.11362795987411;52.5457924749284;plant;;010100002031BF0D006FB6F8D8F8F52E41C92678F3B6515A41
287;9.25195508330594;53.1147760993124;substation;"380000;220000";010100002031BF0D000EA580DB456E2F414D38402B18B85A41
288;10.3692300485918;52.1670924338554;substation;"220000;110000";010100002031BF0D00C379AF68F99C3141B34FBE9E4E0E5A41
289;10.4195406346214;52.2369606619834;substation;220000;010100002031BF0D0066D52EF5D9B23141D34D153AB31A5A41
290;10.0876467999739;52.3151305547947;substation;"220000;110000";010100002031BF0D00C4D37FB4872231411EC779B996285A41
291;8.40314562686995;52.6096453279888;substation;"220000;110000";010100002031BF0D006052D4C8138C2C41FA1D6A31235D5A41
292;10.2358512723672;52.2934509180199;substation;"380000;110000";010100002031BF0D0066B460C0F9623141DE2BA503BC245A41
293;9.51420568468798;51.2590144413487;substation;"380000;110000";010100002031BF0D00A42439882C293041B5579FB9F96E5941
294;9.38765125748855;51.640733525594;substation;"380000;220000;110000";010100002031BF0D00AC958E1D49E42F413CA27C1590B15941
295;9.77415043834156;50.5287496465011;substation;"380000;110000";010100002031BF0D0043B42173359A3041D49439A31CF15841
296;9.17745967557079;49.037809850476;substation;"380000;110000";010100002031BF0D0079A195467C2D2F41ABC6C4D70FF65741
297;9.17731110343941;49.039378200434;substation;380000;010100002031BF0D00A53AA1325B2D2F41734B6A6C52F65741
298;9.15135004876944;49.143382674357;substation;"380000;220000;110000";010100002031BF0D0088AE4741C7162F415D90F06296075841
299;10.1878339995516;49.981219040845;substation;380000;010100002031BF0D00C0E13C7E184E31415B9D77FC03945841
300;9.44691867105201;49.5902629324336;substation;"380000;110000";010100002031BF0D00A41A102DEA0B3041F2D4DC2A30525841
301;9.20736443093694;49.1766379540065;generator;;010100002031BF0D00D7A3703D7E472F41EC51B89E1D0D5841
302;9.69465635518013;49.2325925411591;substation;"380000;110000";010100002031BF0D0059CB7835A4773041D7C6F5016D165841
303;10.1174063901464;48.8970661753963;substation;"380000;220000;110000";010100002031BF0D0092380A87782F3141EDE53F6CC1DE5741
304;12.3374229103144;51.1969683571228;substation;"380000;110000";010100002031BF0D0020F9D5A2D3F43441D962425834645941
305;10.8675658805484;48.5394690937344;substation;380000;010100002031BF0D00CD6A65E6AB7532415DAF3A4AD5A35741
306;10.8408695619217;48.2380310092335;substation;"380000;220000;110000";010100002031BF0D008BDD5214106A3241BB8AD39D7C725741
307;10.9367289314287;48.4013064414835;substation;"380000;110000";010100002031BF0D00F5A17818BF9332412C8C3EE02D8D5741
308;10.8739357569814;47.2444239286028;substation;"380000;220000;110000";010100002031BF0D000778CBFD70783241BD53F57BDBD15641
309;10.8637616199498;48.5468231051405;substation;"380000;110000";010100002031BF0D0073BC606904743241D4B1756B0AA55741
310;9.42551238607291;48.0643507981263;station;"380000;220000;110000";010100002031BF0D0019AC413D9B023041384BC5CC2F565741
311;9.70423149899321;48.465063732143;substation;"380000;110000";010100002031BF0D0045F2E71BCE7B3041FBAEAD24A0975741
312;9.4006313946006;48.666942439706;substation;"380000;220000;110000";010100002031BF0D00BCAAFDFF92EF2F4164E3B812CAB85741
313;7.5724373132812;48.0188749889275;substation;400000;010100002031BF0D00135047BB9FB92941A3A53FE2CA4E5741
314;7.75187090805771;48.0964620973277;station;"220000;110000";010100002031BF0D00CECCF4A4AC552A41F59B196E695B5741
315;12.4772465232803;50.7531200813148;substation;"220000;110000";010100002031BF0D0002CABEBAA0313541C16A77CA92175941
316;14.9464972856333;51.0625862159619;substation;"380000;110000";010100002031BF0D0002FC8B775C63394158AC6DFEEC4C5941
317;13.8412680841242;50.9901759359427;substation;"380000;110000";010100002031BF0D00FC3B41EAC282374142022F0969405941
318;13.255555023675;50.9301782416399;substation;380000;010100002031BF0D0051BCAAA211843641876DF0150E365941
319;13.0027821071279;48.261968265807;substation;220000;010100002031BF0D006782431527163641E599FD0C65765741
320;12.2208353620671;48.5857329876532;substation;"220000;110000";010100002031BF0D00332F692B21C234419A65FEC36EAB5741
321;12.7474442277007;48.1487558434787;substation;"220000;110000";010100002031BF0D00A07F16001FA73541FBE91B92ED635741
322;11.193727795361;50.1622144406172;substation;"380000;110000";010100002031BF0D0017B908148003334100BCFE03ACB25841
323;10.8360157547717;49.9280673897058;substation;380000;010100002031BF0D009A6E8CC1F3673241F5CAF6EB088B5841
324;11.8107025453557;50.1837655260691;substation;"380000;220000;110000";010100002031BF0D00D2ACAC64C90F34412FBEDB7454B65841
325;12.2968837896062;48.6069099225677;substation;380000;010100002031BF0D00116780D732E33441B091D1E2E9AE5741
326;12.0822544456506;49.2974477669261;substation;"380000;220000;110000";010100002031BF0D0036369B69DE853441B71415E63A215841
327;8.95368121281126;49.5674431691125;substation;"220000;110000";010100002031BF0D0077BE7777DE6A2E4102B6B3B95C4E5841
328;12.4696440085589;51.3716629493371;substation;"220000;110000";010100002031BF0D007446E16B522E3541ECE49F7291825941
329;12.2488239057592;51.1978824277899;substation;"220000;110000";010100002031BF0D002C9B0AD74CCE3441854F9BF05C645941
330;11.0049169149012;50.5074149690608;substation;380000;010100002031BF0D00B9C847BF65B13241781ED8D676ED5841
331;13.0025898987886;50.8659127196838;substation;"220000;110000";010100002031BF0D00333AC0AF11163641086FF05AFA2A5941
332;12.2428369226029;50.5674531670625;substation;"220000;110000";010100002031BF0D008D3D415FB2CB34418F8860BBBBF75841
333;13.3686584616208;52.5031422115792;substation;"380000;110000";010100002031BF0D00B940A64040B53641B38D8615184A5A41
334;13.3155158513838;52.5219993683183;substation;"380000;110000";010100002031BF0D0049C8B871249E3641F52E7165764D5A41
335;11.7924138446413;48.8382240226632;substation;"220000;110000";010100002031BF0D0000F32081D5073441015CF1F507D55741
336;11.3269526751765;49.393473117636;substation;"220000;110000";010100002031BF0D003F60A29A6E3D334198C695CC40315841
337;11.5077305510922;48.7611239877457;substation;"380000;220000;110000";010100002031BF0D00AEA583B40A8C3341114AE0794EC85741
338;11.8076056361242;48.4554267991033;substation;"220000;110000";010100002031BF0D0000509BA5700E344168512DB60B965741
339;11.5813705216127;48.7648940508515;substation;"380000;220000;110000";010100002031BF0D005249E74410AC3341F26531A5EDC85741
340;11.6393728932573;48.1787051234443;substation;"380000;110000";010100002031BF0D008D154A1049C533415B943E2ACF685741
341;6.17791451185192;49.9530650802033;substation;220000;010100002031BF0D0041236298D4FC244186C83EE0418F5841
342;6.21102031526762;49.9586257531557;substation;220000;010100002031BF0D00A7A6D33C9F1925419BB4636832905841
343;6.11451700702834;49.9053646588261;substation;"220000;65000";010100002031BF0D00DAE1DED6B1C52441FFFE33B133875841
344;6.08346044961418;49.7764406189112;substation;"220000;65000";010100002031BF0D00D5E26370AFAA2441CE53DD3B78715841
345;6.27694178519793;49.1977400673896;substation;"400000;225000";010100002031BF0D009B5D31EDF3522541A3BD0726A0105841
346;6.77320783777607;49.2910742103854;substation;"380000;220000;110000";010100002031BF0D00AFEE56188C022741943C6CEC2A205841
347;6.70365235663769;49.1385111923078;substation;"400000;225000;90000";010100002031BF0D003D4A66550EC626413C93FA26C7065841
348;8.04936352422006;47.550881853478;substation;"380000;220000";010100002031BF0D0089A1F21866582B4186F34A0B13035741
349;7.50006173413631;51.535174092458;substation;220000;010100002031BF0D006912381BAE7A2941B66E1EDB179F5941
350;6.97593254033334;51.0376007284972;substation;"220000;110000";010100002031BF0D00C48B3284DAB2274148C068E39A485941
351;13.2428489964032;52.5349539946502;generator;;010100002031BF0D00BD7BF9348B7E3641815D1C02C74F5A41
352;13.249028367237;52.5316238928337;substation;"380000;110000";010100002031BF0D004C7B62173B813641A0AEC6A72E4F5A41
353;8.56218193445384;49.132949935954;substation;"380000;110000";010100002031BF0D009BC24E7763162D410EB48899DA055841
354;8.4413154852023;49.2514026469585;substation;380000;010100002031BF0D008B2C04E245AD2C41C724BED48E195841
355;7.93694768561015;47.6490866072012;substation;380000;010100002031BF0D00BEF21AF3A1F62A41206D1B29E8125741
356;9.06879105808819;53.5666414121342;substation;"380000;110000";010100002031BF0D00B5E5C767FACE2E415F1896B65E0A5B41
357;6.7413761724965;49.3574919373628;substation;220000;010100002031BF0D00E8272320DDE62641EB63C5DB3E2B5841
358;6.74970009407096;49.3651763747607;substation;220000;010100002031BF0D00C590DE5A1AEE2641EAF41F38872C5841
359;6.76601564520935;49.3600771523749;substation;"220000;110000";010100002031BF0D00456C28D54AFC26410F0B1252AD2B5841
360;12.1504016214021;49.0127518128214;substation;220000;010100002031BF0D003F527C8580A33441BFD7C258E8F15741
361;7.5913598406626;51.928441667004;substation;"220000;110000";010100002031BF0D009C2FB09F14CA2941C31D81471FE45941
362;8.45154719139035;49.0074407636631;substation;"220000;110000";010100002031BF0D00C09E09DC2BB62C41DA78EF0107F15741
363;8.99620817966153;52.379587985752;substation;380000;010100002031BF0D00592394A0DA8F2E4199DE883F0F345A41
364;9.56282337410874;48.7014898200493;substation;"380000;110000";010100002031BF0D004EC5E8A0503E3041942EA95A7ABE5741
365;9.37084541589578;48.7191233300187;substation;"380000;110000";010100002031BF0D00AF47E17AABD52F41C2F5280C62C15741
366;9.37760577643558;48.812606857093;substation;"380000;110000";010100002031BF0D00EA8E8B998CDB2F41D61DC213CDD05741
367;9.82158380229154;52.4248552546066;substation;"220000;110000";010100002031BF0D0061D928B5D5AE3041E094F513203C5A41
368;9.0762254363019;49.3633869626072;substation;"220000;110000";010100002031BF0D001649799671D52E4149F480C03A2C5841
369;10.1602886150506;49.9891924081733;substation;"380000;220000;110000";010100002031BF0D00ED27AA271E4231413E247A175D955841
370;10.1964888525918;50.0279672057362;substation;"220000;110000";010100002031BF0D007E4D6BF2DB5131419868622BEC9B5841
371;10.8431177989998;49.3786926858391;substation;"380000;220000;110000";010100002031BF0D00546B1C5A0A6B32412C1273E7C82E5841
372;9.09051754868887;49.9700413735997;substation;"380000;220000;110000";010100002031BF0D0035D0B291DFE12E41513B9E4920925841
373;8.8139941935628;51.9834366294197;substation;"220000;110000";010100002031BF0D00B10DE3B062F12D41CF7ADCC8D2ED5941
374;8.93221843866486;52.1933124298166;substation;"220000;110000";010100002031BF0D0056E1380434582E4143C9F9A4F4125A41
375;8.95904413219088;52.2784949764899;substation;"220000;110000";010100002031BF0D00D2192A76886F2E4184893E9A13225A41
376;9.59430158866246;49.7984427303145;substation;"220000;110000";010100002031BF0D00ED2972C4004C304185DF4DA42C755841
377;10.9729038959004;49.5585073756737;substation;"380000;110000";010100002031BF0D00BDC3FF127AA3324197B8A451DD4C5841
378;8.95464412133747;50.0860157333265;substation;"220000;110000";010100002031BF0D00733BFFD8B46B2E41479C4766C0A55841
379;7.17590438914786;51.4755782506206;substation;220000;010100002031BF0D00E7C18F0BC4602841AA486146AF945941
380;10.99933301239;52.2001419745622;substation;"380000;110000";010100002031BF0D00A1B86626F8AE32414A51EFB92A145A41
381;10.9772332275028;52.1694333176707;plant;;010100002031BF0D00AB6061035CA532412BFCD2D5B80E5A41
382;10.231641549556;48.5297622792522;substation;"380000;110000";010100002031BF0D00C1269520256131412D62DB533DA25741
383;10.2224539935941;48.7367522347984;substation;"380000;110000";010100002031BF0D0025A58B5F265D314151F8A9CE49C45741
384;9.64533503255392;47.7445961090448;station;"380000;110000";010100002031BF0D009E73CBC8316230413302E55A55225741
385;10.4015868558303;48.5099297352537;substation;"380000;110000";010100002031BF0D00C1F12B5A0BAB314199761B0AFC9E5741
386;8.80962330905886;50.2034748086043;substation;"380000;110000";010100002031BF0D00FDE9CA8F95ED2D41DF0EAE3CADB95841
387;9.72460611042234;54.2882702503445;substation;"380000;110000";010100002031BF0D0073EE4B33AA84304157FBC9579B8F5B41
388;9.09714220939812;48.8277618380686;substation;"220000;110000";010100002031BF0D006BBC127AA2E72E41F3E276A34DD35741
389;8.62886493303814;51.9936340707213;substation;"220000;110000";010100002031BF0D0012C570B361502D414B16A79F9FEF5941
390;10.0604081018258;54.3487708201584;substation;"220000;110000";010100002031BF0D009231CF81AF163141398E20FFE19A5B41
391;9.44963652666114;53.967286497351;substation;"220000;110000";010100002031BF0D00D7B9F0B9180D3041424195CB0E545B41
392;8.25885994832776;47.6342116213731;substation;"380000;220000;110000";010100002031BF0D005388FF2A980E2C41920DDCBF81105741
393;8.23209442033504;47.5561434831307;sub_station;;010100002031BF0D0021AF391E51F72B4133A28702EC035741
394;7.75259055668336;47.5391330214816;station;;010100002031BF0D00FF1DBFDD4C562A41964174A72E015741
395;8.86152575255362;47.8064353220893;substation;"220000;110000";010100002031BF0D007940A011B91A2E4128FE4231562C5741
396;13.1456729233878;55.5016025811583;substation;"400000;130000";010100002031BF0D0051FAAF9D495436412D1276FAFD745C41
397;10.8023579660248;53.8975474102628;substation;"380000;110000";010100002031BF0D00760AF7FC505932415CF7F9342E475B41
398;9.21565014323537;48.8523053231829;substation;"380000;110000";010100002031BF0D00068969F6B24E2F411E8F3C705BD75741
399;10.4012813869114;48.5146084080517;plant;;010100002031BF0D00EB8FFB58E9AA314182241297C09F5741
400;8.73757268935919;51.7001692737445;substation;"220000;110000";010100002031BF0D00F223FC48ECAE2D41A632272EFBBB5941
401;10.6414677086397;53.9191626884641;substation;"220000;110000";010100002031BF0D00D32141C45A13324117AAFD602B4B5B41
402;8.67371728898445;49.2904393851271;substation;"380000;220000;110000";010100002031BF0D003B34739563772D419C02FED50F205841
403;9.48789502699389;53.6365577623199;substation;220000;010100002031BF0D006087A2A4BB1D3041F26DDABD2D175B41
404;9.49151079250535;53.6580982806881;substation;220000;010100002031BF0D00EBB6F5254E1F30415A6B6912211B5B41
405;7.47226685748746;47.6466103447741;substation;400000;010100002031BF0D00D88C1FE2816229412C4CCFDD81125741
406;13.4428541936116;48.4345463643775;substation;220000;010100002031BF0D00E71903AF83D5364119AE62B09F925741
407;13.7106901040113;48.5193051606747;substation;220000;010100002031BF0D00450F720AFB493741B9F925EB85A05741
408;6.02502872785802;54.3540286881643;substation;;010100002031BF0D00295C8F42DE7724410AD7A310DD9B5B41
409;6.02498893249094;54.3549885432577;substation;;010100002031BF0D0066666666D5772441713D0AE70A9C5B41
410;9.09183529743294;49.2946188662059;substation;"380000;220000;110000";010100002031BF0D00DC2F8DF304E32E4159DBA52DC2205841
411;8.66378315807233;49.3600873718872;substation;"220000;110000";010100002031BF0D00EA6AE7DBBF6E2D4111F9DBC1AD2B5841
412;8.34912534966442;49.0130521109254;substation;"220000;110000";010100002031BF0D000E3CD6C3185D2C41AD83AE16F5F15741
413;10.3884721771883;52.1513649329361;substation;220000;010100002031BF0D00F287D16E57A53141BE8B6025850B5A41
414;8.82002487314451;53.1073882916717;substation;"220000;110000";010100002031BF0D00C192F65AA1F62D41211BA5A6C1B65A41
415;8.30626265141083;49.0128258362562;substation;380000;010100002031BF0D00C42685DBD1372C41997AD27CEBF15741
416;6.21619297137216;50.9123617956925;substation;"380000;110000";010100002031BF0D008D9E5BDF1E1E25414EB2F289FB325941
417;5.91852734477995;51.1484263858426;substation;380000;010100002031BF0D006C6489E63E1B2441DD6CC4AFC95B5941
418;6.2140153990158;50.9438998573728;auxillary_T_node;380000;010100002031BF0D00F6285C0F3A1C2541000000106C385941
419;10.9662583424068;47.2695304688802;substation;"220000;110000";010100002031BF0D00FEDE694B96A03241A6CDDCF3E0D55641
420;11.2777217163209;47.4958777741445;substation;"220000;110000";010100002031BF0D007BF81F3D062833416EE5583A38FA5641
421;11.2869438320852;47.4928624569052;auxillary_T_node;220000;010100002031BF0D00713D0AD7082C33417B14AE07BCF95641
422;13.5053368398164;52.4747788520482;auxillary_T_node;220000;010100002031BF0D0085EB5138AFF03641333333C307455A41
423;8.46542980021065;48.0435236210637;substation;"380000;110000";010100002031BF0D00148A5EAB3EC22C41A827F8AACC525741
424;8.53055554991256;47.9148481845625;auxillary_T_node;380000;010100002031BF0D0033333333E2FA2C411F85EB11E73D5741
425;8.24872901623214;48.8463165189067;substation;"220000;110000";010100002031BF0D00CA98A7A0C8052C414214FF285ED65741
426;8.24975045659741;48.8491773731136;auxillary_T_node;220000;010100002031BF0D00A4703D0AAC062C415C8FC225D7D65741
427;9.45967747872262;53.8646574512707;auxillary_T_node;220000;010100002031BF0D00AE47E17A761130415C8FC2651D415B41
428;7.37185639416872;52.1977066547834;auxillary_T_node;220000;010100002031BF0D009A9999992E0B294166666626BC135A41
429;7.42474524551043;51.4592583943398;auxillary_T_node;380000;010100002031BF0D0085EB51B82D39294152B81E35D6915941
430;7.12336046768833;51.4473443869048;auxillary_T_node;380000;010100002031BF0D0085EB51B81133284114AE4721C28F5941
431;7.41670791195847;51.4570521583476;substation;"380000;220000;110000";010100002031BF0D00289AD64B303229412970BAAA73915941
432;7.41658261384975;51.4607823586596;auxillary_T_node;380000;010100002031BF0D006666666614322941713D0A471A925941
433;6.60879226770999;51.0346787720857;auxillary_T_node;380000;010100002031BF0D007B14AEC78E732641295C8F9219485941
434;6.80890624663756;51.2686075940546;substation;380000;010100002031BF0D00550DD5F3972127415D688D62A4705941
435;6.72033167479422;51.3441235773954;auxillary_T_node;380000;010100002031BF0D00CDCCCCCC8FD42641B81E851BC67D5941
436;7.13937473425833;51.5608313916517;auxillary_T_node;220000;010100002031BF0D00EC51B81EFF402841713D0A1794A35941
437;7.41946378046051;51.4575100936229;auxillary_T_node;220000;010100002031BF0D00C3F528DC95342941EC51B81E88915941
438;7.19597933005019;51.4115753148661;substation;220000;010100002031BF0D00DB897282397228414B50E78585895941
439;7.17920262035811;51.4218244823956;auxillary_T_node;220000;010100002031BF0D00C3F5285CA26328411F85EBE14E8B5941
440;7.32427958320741;51.6213874676194;substation;220000;010100002031BF0D002CDCB225CEE12841A562F4B52CAE5941
441;7.34371334412713;51.6131049439167;auxillary_T_node;220000;010100002031BF0D00C3F528DCB4F22841AE47E17AB9AC5941
442;6.52272548882226;51.3224954692993;auxillary_T_node;220000;010100002031BF0D005C8FC2F5B4282641AE47E1BA027A5941
443;7.09582671880563;50.8268716757217;substation;"220000;110000";010100002031BF0D00293E5AA21F1B28411B069B9141245941
444;7.09435790958289;50.8269670893312;auxillary_T_node;220000;010100002031BF0D00EC51B89ED81928415C8FC2C545245941
445;7.82599043340792;51.7500675542728;auxillary_T_node;380000;010100002031BF0D00A4703D8A22962A410AD7A300BDC45941
446;9.14518055750907;52.8532463079177;substation;"220000;110000";010100002031BF0D00973D8DAF69112F41B137659DDE885A41
447;9.13794792584036;52.8470269944345;auxillary_T_node;220000;010100002031BF0D00B81E856B1F0B2F411F85EB01C0875A41
448;8.31888925383353;52.0660374597241;substation;"220000;110000";010100002031BF0D009A240A08CD422C41128B56AC6AFC5941
449;8.33466775124759;52.07052004268;auxillary_T_node;220000;010100002031BF0D000AD7A3F085502C41C3F5289C35FD5941
450;8.57049662373814;49.4986469918577;auxillary_T_node;220000;010100002031BF0D003D0AD7A39E1D2D4152B81EB5D6425841
451;7.25465688214231;53.0266716315927;substation;380000;010100002031BF0D00B61E856B41A528416566663E27A85A41
452;7.25501773539194;53.0267136928067;auxillary_T_node;380000;010100002031BF0D00295C8FC291A528410AD7A33029A85A41
453;7.9818783185962;51.6766515664854;auxillary_T_node;380000;010100002031BF0D00295C8F42B51D2B4100000070DBB75941
454;9.92382983732643;51.8975617615529;substation;220000;010100002031BF0D008C6728AF4BDB304139294E1DAEDE5941
455;9.8524162497002;51.8987652474175;auxillary_T_node;220000;010100002031BF0D005C8FC2F53DBC304148E17A64E4DE5941
456;9.716746472232;47.4326673991358;substation;"380000;220000";010100002031BF0D00EF14FB443F813041A5C960250EF05641
457;9.42405263017418;48.0629520494909;auxillary_T_node;220000;010100002031BF0D00D7A370BDF8013041D7A3708DF5555741
458;9.4136812208929;52.0274828920508;auxillary_T_node;380000;010100002031BF0D0066666666ECFA2F41F6285C0F9AF55941
459;11.433959296594;50.6527634974964;substation;220000;010100002031BF0D00F564D286F66B334125E1CCFB58065941
460;11.471330230673;50.5977206630367;auxillary_T_node;220000;010100002031BF0D003D0AD7A3367C334133333353EAFC5841
461;10.3552149923206;52.1758109606876;auxillary_T_node;220000;010100002031BF0D00295C8F42E1963141E17A143EDA0F5A41
462;10.7027318899547;47.8264597977002;substation;"380000;110000";010100002031BF0D00D69501AAFE2D32411F1D7415942F5741
463;10.7037422782749;47.826415980499;auxillary_T_node;380000;010100002031BF0D003D0AD7236F2E324148E17A44922F5741
464;10.1949334440241;47.9709368782958;substation;"220000;110000";010100002031BF0D00EB85B6CC2E5131418A89344801475741
465;10.6412867739286;48.0274512409907;substation;"220000;110000";010100002031BF0D0095DC03A0461332418FD95EBD2F505741
466;10.6418025411196;48.0258492685192;auxillary_T_node;220000;010100002031BF0D00A4703D0A801332413D0AD713ED4F5741
467;12.7892381350652;50.6270562456686;substation;"380000;110000";010100002031BF0D00697D117A4BB93541282C3AE3F0015941
468;12.8812449329287;50.5186456389601;substation;380000;010100002031BF0D00658770A04DE13541B6E89E5762EF5841
469;12.8259720721456;50.6568443390441;auxillary_T_node;380000;010100002031BF0D00E17A14AE44C93541E17A141E0C075941
470;8.67009921732699;49.3092022842852;auxillary_T_node;380000;010100002031BF0D00F6285C0F3E742D415C8FC29530235841
471;9.22808874457675;51.8124533663924;substation;"380000;110000";010100002031BF0D006C82B34784592F4167CF6459B3CF5941
472;9.23187002273009;51.810119094224;auxillary_T_node;380000;010100002031BF0D003D0AD723CE5C2F41666666464ACF5941
473;10.2341629653667;48.5289320393823;auxillary_T_node;380000;010100002031BF0D00F6285CCF3D623141000000701AA25741
474;8.73513573367143;50.1591915403542;substation;"220000;110000";010100002031BF0D006EA748B9CDAC2D41FDEDA7B228B25841
475;8.87225963914833;50.1297253197387;substation;110000;010100002031BF0D0076DFB5D90E242E4147B45E1729AD5841
476;8.74326052934848;50.1623379810729;auxillary_T_node;220000;010100002031BF0D00EC51B89EDEB32D411F85EB61B1B25841
477;7.9575374379229;47.5721591106477;substation;220000;010100002031BF0D007137F7078A082B4118E2508E80065741
478;7.95849127307054;47.5791483196323;generator;;010100002031BF0D00AB3B5A645E092B410C5E8EE1A0075741
479;7.95027792252062;47.5916738651471;auxillary_T_node;220000;010100002031BF0D007B14AEC739022B4114AE47B1A5095741
